metric_id,display,meaning,templates,regimes,optional_regimes,concept_local,schedule,scope,unit_rule,selector,fallback,derivation,dependencies,quality_gate,role,gate_reason,implementation,adapter,registry_version,notes
gas_operating_revenues,Gas operating revenues,"Total operating revenues of the filing entity's gas utility operations, as filed.",interstate_gas;gas_storage,Form 2:annual;Form 2A:annual;Form 3Q Gas:quarter;Form 3Q Gas:ytd;Form 2:quarter;Form 2A:quarter,,OperatingRevenues,Form 2/2-A p.114 line 2; p.300-301; Form 3-Q,"filing entity, whole entity",iso4217:USD,undim,"where the form carries no monthly revenue schedule (Form 2-A has no p.299), use annual minus Q3 year-to-date and label it algebraic",q4_monthly_sum | q4_annual_minus_q3_ytd | sequential_ytd,,four filed/derived quarters reconcile to the filed annual total within $100 or 0.001%,headline,,implemented,gas_xbrl,all-regime-2026-09-09-integrated2,
utility_operating_expenses,Utility operating expenses,Total utility operating expenses as filed on the income statement.,interstate_gas;gas_storage,Form 2:annual;Form 2A:annual;Form 3Q Gas:quarter;Form 3Q Gas:ytd;Form 2:quarter;Form 2A:quarter,,UtilityOperatingExpenses,Form 2/2-A p.114; Form 3-Q,"filing entity, whole entity",iso4217:USD,undim,,q4_minus_quarters | sequential_ytd,,quarterly sum reconciles to annual within $100/0.001%; revenue - expenses = NUOI within metric tolerance,headline,,implemented,gas_xbrl,all-regime-2026-09-09-integrated2,
net_utility_operating_income,Net utility operating income,"The filed FERC accounting measure of operating income. Not EBITDA, not distributable cash flow, not a return on capital.",interstate_gas;gas_storage,Form 2:annual;Form 2A:annual;Form 3Q Gas:quarter;Form 3Q Gas:ytd;Form 2:quarter;Form 2A:quarter,,NetUtilityOperatingIncome,Form 2/2-A p.114; Form 3-Q,"filing entity, whole entity",iso4217:USD,undim,,q4_minus_quarters | sequential_ytd,,"identity revenue - expenses = NUOI; a source-backed rounding gap is a warning, not a repair",headline,,implemented,gas_xbrl,all-regime-2026-09-09-integrated2,
operating_margin_pct,Operating margin,Net utility operating income divided by gas operating revenues on an identical scope and period.,interstate_gas;gas_storage,Form 2:annual;Form 2A:annual;Form 3Q Gas:quarter,,,,identical to both inputs; never mixes scopes,percent,derived_ratio,,"ratio(net_utility_operating_income, gas_operating_revenues)",net_utility_operating_income;gas_operating_revenues,"both inputs present, same entity, same exact interval, same scope; denominator non-zero and not itself under review",headline,,implemented,gas_xbrl,all-regime-2026-09-09-integrated2,
net_income,Net income (loss),Entity net income including items outside pipeline operations.,interstate_gas;gas_storage,Form 2:annual;Form 2A:annual;Form 3Q Gas:quarter;Form 3Q Gas:ytd,,NetIncomeLoss,Form 2/2-A p.114-117; Form 3-Q,filing entity; includes items outside pipeline operations,iso4217:USD,undim,,,,canonical uniqueness only,detail,,implemented,gas_xbrl,all-regime-2026-09-09-integrated2,
gas_plant_in_service,Gas plant in service (period-end balance),Gross gas utility plant in service at the period end.,interstate_gas;gas_storage,Form 2:instant;Form 2A:instant;Form 3Q Gas:instant,,GasPlantInService,Form 2/2-A p.200-204; Form 3-Q,filing entity,iso4217:USD,undim,,,,balance movement is not capital spending and is never labelled capex,profile,,implemented,gas_xbrl,all-regime-2026-09-09-integrated2,
transmission_plant,Transmission plant (period-end balance),Gross transmission-function plant at the period end.,interstate_gas,Form 2:instant;Form 2A:instant;Form 3Q Gas:instant,,TransmissionPlant,Form 2 p.204 line 55; Form 3-Q,transmission function only,iso4217:USD,undim,,,,never net against the TOTAL accumulated provision -- functions must match,profile,,implemented,gas_xbrl,all-regime-2026-09-09-integrated2,
accum_prov_depreciation_gas_plant,Accumulated provision for depreciation of gas utility plant,Total accumulated depreciation provision for gas utility plant.,interstate_gas;gas_storage,Form 2:instant;Form 2A:instant,,AccumulatedProvisionForDepreciationOfGasUtilityPlant,Form 2/2-A p.219,"gas utility plant, filing entity",iso4217:USD,explicit-only:UtilityTypeAxis=GasUtilityMember,,,,minimal-dimension context selected; two-axis twin carries the same value,profile,,implemented,gas_xbrl,all-regime-2026-09-09-integrated2,
accum_depreciation_transmission,Accumulated depreciation - transmission,Accumulated depreciation attributable to the transmission function.,interstate_gas,Form 2:instant;Form 2A:instant,,AccumulatedDepreciationTransmission,Form 2 p.219 line 26,transmission function only - narrower than the total provision,iso4217:USD,explicit-only:UtilityTypeAxis=GasUtilityMember,,,,must be <= the total accumulated provision for the same instant,profile,,implemented,gas_xbrl,all-regime-2026-09-09-integrated2,
depreciation_expense,Depreciation expense,"Depreciation expense as filed, exact FERC label preserved.",interstate_gas;gas_storage,Form 2:annual;Form 2A:annual;Form 3Q Gas:quarter;Form 3Q Gas:ytd,,DepreciationExpense,Form 2/2-A p.336-338; Form 3-Q,filing entity,iso4217:USD,undim,,sequential_ytd,,canonical uniqueness only,detail,,implemented,gas_xbrl,all-regime-2026-09-09-integrated2,
operation_expense,Operation expense,"Operation expense as filed, exact FERC label preserved.",interstate_gas;gas_storage,Form 2:annual;Form 2A:annual;Form 3Q Gas:quarter;Form 3Q Gas:ytd,,OperationExpense,Form 2/2-A p.317-325; Form 3-Q,filing entity,iso4217:USD,undim,,sequential_ytd,,canonical uniqueness only,detail,,implemented,gas_xbrl,all-regime-2026-09-09-integrated2,
maintenance_expense,Maintenance expense,"Maintenance expense as filed, exact FERC label preserved.",interstate_gas;gas_storage,Form 2:annual;Form 2A:annual;Form 3Q Gas:quarter;Form 3Q Gas:ytd,,MaintenanceExpense,Form 2/2-A p.317-325; Form 3-Q,filing entity,iso4217:USD,undim,,sequential_ytd,,canonical uniqueness only,detail,,implemented,gas_xbrl,all-regime-2026-09-09-integrated2,
total_throughput,Total volume of throughput,Total gas volume moved through the system in the period.,interstate_gas,Form 3Q Gas:quarter;Form 2:quarter;Form 2A:quarter,,TotalVolumeOfThroughput,Form 2/2-A p.521-M1 line 68; Form 3-Q,system,utr:dth | ferc:dth (migrated-era unit vocabulary),undim,,,,total = forwardhaul + backhaul where all three are filed; a filed blank total stays blank and is never replaced by a component,headline,,implemented,gas_xbrl,all-regime-2026-09-09-integrated2,
forwardhaul_throughput,Forwardhaul volume of throughput,Forwardhaul component of throughput.,interstate_gas,Form 3Q Gas:quarter;Form 2:quarter;Form 2A:quarter,Form 3Q Gas:quarter,ForwardhaulVolumeOfThroughput,Form 2/2-A p.521-M1 line 66; Form 3-Q,system,utr:dth | ferc:dth (migrated-era unit vocabulary),undim,,,,component; never used as the total,component,,implemented,gas_xbrl,all-regime-2026-09-09-integrated2,
backhaul_throughput,Backhaul volume of throughput,Backhaul component of throughput.,interstate_gas,Form 3Q Gas:quarter;Form 2:quarter;Form 2A:quarter,Form 3Q Gas:quarter;Form 2:quarter;Form 2A:quarter,BackhaulVolumeOfThroughput,Form 2/2-A p.521-M1 line 67; Form 3-Q,system,utr:dth | ferc:dth (migrated-era unit vocabulary),undim,,,,a blank backhaul is NOT zero; absence is reported as a source blank,component,,implemented,gas_xbrl,all-regime-2026-09-09-integrated2,
gas_received_by_utility,Quantity of natural gas received by utility,"Quantity of natural gas received by utility, p.520 system row.",interstate_gas;gas_storage,Form 2:annual;Form 2A:annual;Form 2:quarter;Form 2A:quarter;Form 3Q Gas:quarter;Form 3Q Gas:ytd,,QuantityOfNaturalGasReceivedByUtility,Form 2/2-A p.520 line 15; Form 3-Q,"system - receipt side, every measurement point",utr:dth | ferc:dth (migrated-era unit vocabulary),typed-system,,sequential_ytd,,only the p.520 system row is canonical; other cuts stay raw; receipt-side total equals the delivery-side balancing total,detail,,implemented,gas_xbrl,all-regime-2026-09-09-integrated2,
gas_delivered_by_utility,Quantity of natural gas delivered by utility,"Quantity of natural gas delivered by utility, p.520 system row.",interstate_gas;gas_storage,Form 2:annual;Form 2A:annual;Form 2:quarter;Form 2A:quarter;Form 3Q Gas:quarter;Form 3Q Gas:ytd,,QuantityOfNaturalGasDeliveredByUtility,Form 2/2-A p.520 line 37; Form 3-Q,system - delivery side before losses/unaccounted,utr:dth | ferc:dth (migrated-era unit vocabulary),typed-system,,sequential_ytd,,only the p.520 system row is canonical; other cuts stay raw; receipt-side total equals the delivery-side balancing total,detail,,implemented,gas_xbrl,all-regime-2026-09-09-integrated2,
gas_of_others_received_for_transmission,Gas of others received for transmission (Account 489.2),"Gas of others received for transmission (Account 489.2), p.520 system row.",interstate_gas;gas_storage,Form 2:annual;Form 2A:annual;Form 2:quarter;Form 2A:quarter;Form 3Q Gas:quarter;Form 3Q Gas:ytd,,QuantityOfNaturalGasReceivedByUtilityGasOfOthersReceivedForTransmission,Form 2/2-A p.520 line 3; Form 3-Q,system - receipt-side third-party component,utr:dth | ferc:dth (migrated-era unit vocabulary),typed-system,,sequential_ytd,,only the p.520 system row is canonical; other cuts stay raw; receipt-side total equals the delivery-side balancing total,detail,,implemented,gas_xbrl,all-regime-2026-09-09-integrated2,
deliveries_of_gas_transported_for_others,Deliveries of gas transported for others (Account 489.2),"Deliveries of gas transported for others (Account 489.2), p.520 system row.",interstate_gas;gas_storage,Form 2:annual;Form 2A:annual;Form 2:quarter;Form 2A:quarter;Form 3Q Gas:quarter;Form 3Q Gas:ytd,,QuantityOfNaturalGasDeliveredByUtilityDeliveriesOfGasTransportedForOthers,Form 2/2-A p.520 line 27; Form 3-Q,system - delivery-side third-party component,utr:dth | ferc:dth (migrated-era unit vocabulary),typed-system,,sequential_ytd,,only the p.520 system row is canonical; other cuts stay raw; receipt-side total equals the delivery-side balancing total,detail,,implemented,gas_xbrl,all-regime-2026-09-09-integrated2,
gas_losses_and_unaccounted_for,Gas losses and gas unaccounted for,"Gas losses and gas unaccounted for, p.520 system row.",interstate_gas;gas_storage,Form 2:annual;Form 2A:annual;Form 2:quarter;Form 2A:quarter;Form 3Q Gas:quarter;Form 3Q Gas:ytd,,GasAccountGasLossesAndGasUnaccountedForGasAccount,Form 2/2-A p.520 line 42; Form 3-Q,system - loss/unaccounted component of the delivery side,utr:dth | ferc:dth (migrated-era unit vocabulary),typed-system,,sequential_ytd,,only the p.520 system row is canonical; other cuts stay raw; receipt-side total equals the delivery-side balancing total,detail,,implemented,gas_xbrl,all-regime-2026-09-09-integrated2,
gas_account_balancing_total,"Deliveries, gas losses and unaccounted-for (balancing total)","Deliveries, gas losses and unaccounted-for (balancing total), p.520 system row.",interstate_gas;gas_storage,Form 2:annual;Form 2A:annual;Form 2:quarter;Form 2A:quarter;Form 3Q Gas:quarter;Form 3Q Gas:ytd,,DeliveriesGasLossesAndUnaccountedForGasAccount,Form 2/2-A p.520 line 44; Form 3-Q,system - balancing total; equals total gas received,utr:dth | ferc:dth (migrated-era unit vocabulary),typed-system,,sequential_ytd,,only the p.520 system row is canonical; other cuts stay raw; receipt-side total equals the delivery-side balancing total,detail,,implemented,gas_xbrl,all-regime-2026-09-09-integrated2,
transmission_miles,Total miles of transmission line,"Miles of transmission line on the system, from the dedicated schedule.",interstate_gas,Form 2:instant,Form 2:instant,LengthOfTransmissionLinesOfTransmissionSystems,Form 2 p.514,system,utr:mi,undim | filed_aggregate_sum | typed-label:TOTAL,"where the form has no p.514 (Form 2-A), a narrative textblock figure may be recorded separately as profile_miles_narrative - never as a p.514 total",filed_aggregate_sum,,aggregate-row sum equals detail-row sum within 0.15 mi; overlapping cuts are never summed,profile,,implemented,gas_xbrl,all-regime-2026-09-09-integrated2,
compressor_units,Number of compressor units,Number of compressor units from the compressor-station schedule.,interstate_gas,Form 2:annual,,NumberOfUnitsAtCompressorStation,Form 2 p.508-509,system,pure | xbrli:pure (count),undim | typed-label:TOTAL | subtotal_sum,,subtotal_sum,,subtotal sum equals detail sum exactly; subtotals and details never mixed,profile,,implemented,gas_xbrl,all-regime-2026-09-09-integrated2,
certificated_horsepower,Certificated horsepower,Certificated horsepower from the compressor-station schedule.,interstate_gas,Form 2:annual,,CertificatedHorsepowerForEachCompressorStation,Form 2 p.508-509,system,utr:MW (filed; the rendered column is horsepower - warning attached),undim | typed-label:TOTAL | subtotal_sum,,subtotal_sum,,subtotal sum equals detail sum exactly; subtotals and details never mixed,profile,,implemented,gas_xbrl,all-regime-2026-09-09-integrated2,
compressor_fuel,Gas for compressor fuel,Gas for compressor fuel from the compressor-station schedule.,interstate_gas,Form 2:annual,,GasForCompressorFuel,Form 2 p.508-509,system,utr:dth | ferc:dth (migrated-era unit vocabulary),undim | typed-label:TOTAL | subtotal_sum,,subtotal_sum,,subtotal sum equals detail sum exactly; subtotals and details never mixed,profile,,implemented,gas_xbrl,all-regime-2026-09-09-integrated2,
storage_capacity,Certificated storage capacity,The authorised storage quantity. NOT necessarily working gas and NOT deliverability.,interstate_gas;gas_storage,Form 2:annual,,CertificatedStorageCapacity,Form 2 p.512-513,system,utr:dth | pure (rendered p.512-513 supplies Dth),undim,,,,unit note attached on pure/unitless years; never added to inventory or MDQ,headline,,implemented,gas_xbrl,all-regime-2026-09-09-integrated2,
max_day_withdrawal,Maximum day's withdrawal from storage,The OBSERVED maximum daily withdrawal in the year. Not an engineering maximum deliverability.,interstate_gas;gas_storage,Form 2:annual,,MaximumDaysWithdrawalFromStorage,Form 2 p.512-513,system,utr:dth | pure (rendered p.512-513 supplies Dth),undim,,,,"observed, not capability; shown separately from any capacity estimate",headline,,implemented,gas_xbrl,all-regime-2026-09-09-integrated2,
storage_injections,Gas delivered to storage (injections),"Gas delivered to storage (injections): total volume injected into storage, as filed.",gas_storage;interstate_gas,Form 2:annual;Form 2A:annual,Form 2A:annual,GasDeliveredToStorage,Form 2 p.512-513 storage operations,system; own gas and others' gas are reported separately and never merged,utr:dth | ferc:dth (migrated-era unit vocabulary),undim | typed-label:TOTAL,,,,"own and others' components never summed into the total without evidence that the filed total is absent; service, gas ownership, period and units kept distinct",detail,,implemented,gas_xbrl,all-regime-2026-09-09-integrated2,
storage_injections_own,Gas delivered to storage - respondent's own gas,"Gas delivered to storage - respondent's own gas: injections of the respondent's own gas, as filed.",gas_storage;interstate_gas,Form 2:annual;Form 2A:annual,Form 2A:annual,GasDeliveredToStorageThatBelongToRespondent,Form 2 p.512-513 storage operations,system; own gas and others' gas are reported separately and never merged,utr:dth | ferc:dth (migrated-era unit vocabulary),undim | typed-label:TOTAL,,,,"own and others' components never summed into the total without evidence that the filed total is absent; service, gas ownership, period and units kept distinct",detail,,implemented,gas_xbrl,all-regime-2026-09-09-integrated2,
storage_injections_others,Gas delivered to storage - others' gas,"Gas delivered to storage - others' gas: injections of gas belonging to others, as filed.",gas_storage;interstate_gas,Form 2:annual;Form 2A:annual,Form 2A:annual,GasDeliveredToStorageThatBelongToOthers,Form 2 p.512-513 storage operations,system; own gas and others' gas are reported separately and never merged,utr:dth | ferc:dth (migrated-era unit vocabulary),undim | typed-label:TOTAL,,,,"own and others' components never summed into the total without evidence that the filed total is absent; service, gas ownership, period and units kept distinct",detail,,implemented,gas_xbrl,all-regime-2026-09-09-integrated2,
storage_withdrawals,Gas withdrawn from storage,"Gas withdrawn from storage: total volume withdrawn from storage, as filed.",gas_storage;interstate_gas,Form 2:annual;Form 2A:annual,Form 2A:annual,GasWithdrawnFromStorage,Form 2 p.512-513 storage operations,system; own gas and others' gas are reported separately and never merged,utr:dth | ferc:dth (migrated-era unit vocabulary),undim | typed-label:TOTAL,,,,"own and others' components never summed into the total without evidence that the filed total is absent; service, gas ownership, period and units kept distinct",detail,,implemented,gas_xbrl,all-regime-2026-09-09-integrated2,
storage_withdrawals_own,Gas withdrawn from storage - respondent's own gas,"Gas withdrawn from storage - respondent's own gas: withdrawals of the respondent's own gas, as filed.",gas_storage;interstate_gas,Form 2:annual;Form 2A:annual,Form 2A:annual,GasWithdrawnFromStorageThatBelongToRespondent,Form 2 p.512-513 storage operations,system; own gas and others' gas are reported separately and never merged,utr:dth | ferc:dth (migrated-era unit vocabulary),undim | typed-label:TOTAL,,,,"own and others' components never summed into the total without evidence that the filed total is absent; service, gas ownership, period and units kept distinct",detail,,implemented,gas_xbrl,all-regime-2026-09-09-integrated2,
storage_withdrawals_others,Gas withdrawn from storage - others' gas,"Gas withdrawn from storage - others' gas: withdrawals of gas belonging to others, as filed.",gas_storage;interstate_gas,Form 2:annual;Form 2A:annual,Form 2A:annual,GasWithdrawnFromStorageThatBelongToOthers,Form 2 p.512-513 storage operations,system; own gas and others' gas are reported separately and never merged,utr:dth | ferc:dth (migrated-era unit vocabulary),undim | typed-label:TOTAL,,,,"own and others' components never summed into the total without evidence that the filed total is absent; service, gas ownership, period and units kept distinct",detail,,implemented,gas_xbrl,all-regime-2026-09-09-integrated2,
single_day_peak_deliveries,Single-day peak deliveries,"Peak single-day transmission deliveries, excluding deliveries to storage.",interstate_gas,Form 2:annual_observation,,VolumesOfGasTransported,Form 2 p.518,system - excludes deliveries to storage,utr:dth | ferc:dth (migrated-era unit vocabulary),peak-axis:single-day | peak-axis-relaxed:single-day,,,,negative adjustment members are raw evidence and are NEVER selected as a peak by sign or magnitude,headline,,implemented,gas_xbrl,all-regime-2026-09-09-integrated2,
three_day_peak_deliveries,Three-day peak deliveries,"Peak three-day transmission deliveries, excluding deliveries to storage.",interstate_gas,Form 2:annual_observation,,VolumesOfGasTransported,Form 2 p.518,system - excludes deliveries to storage,utr:dth | ferc:dth (migrated-era unit vocabulary),peak-axis:three-day | peak-axis-relaxed:three-day,,,,as for the single-day peak,detail,,implemented,gas_xbrl,all-regime-2026-09-09-integrated2,
single_day_peak_date,Single-day peak delivery date,Single-day peak delivery date as filed; normalised ISO date kept separately.,interstate_gas,Form 2:annual_observation,,StartDatePeakDeliveries,Form 2 p.518,system,(date - no unit),peak-axis:single-day | peak-axis-relaxed:single-day,,,,"raw text preserved; implausible dates flagged, never repaired",detail,,implemented,gas_xbrl,all-regime-2026-09-09-integrated2,
three_day_peak_start_date,Three-day peak start date,Three-day peak start date as filed; normalised ISO date kept separately.,interstate_gas,Form 2:annual_observation,,StartDatePeakDeliveries,Form 2 p.518,system,(date - no unit),peak-axis:three-day | peak-axis-relaxed:three-day,,,,"raw text preserved; implausible dates flagged, never repaired",detail,,implemented,gas_xbrl,all-regime-2026-09-09-integrated2,
aux_peaking_capacity,Auxiliary peaking facilities - maximum daily delivery capacity,"Sum of per-facility maximum daily delivery capacity. A facility sum, not a certified system capacity.",interstate_gas,Form 2:annual,,AuxiliaryPeakingFacilitiesMaximumDailyDeliveryCapacityOfFacility,Form 2 p.519,"per-facility, summed; not a system capacity figure",utr:dth | ferc:dth (migrated-era unit vocabulary),facility_sum,,facility_sum,,flagged derived; facility count recorded,detail,,implemented,gas_xbrl,all-regime-2026-09-09-integrated2,
negotiated_rate_volumes,Volumes of negotiated-rate services,Volumes of negotiated-rate services. Volume only - says nothing about rate levels.,interstate_gas,Form 2:annual;Form 2A:annual,,VolumesOfNegotiatedRateServices,Form 2/2-A p.313,filing entity,utr:dth | pure (migrated; rendered p.313 supplies Dth),undim,,,,volume only,detail,,implemented,gas_xbrl,all-regime-2026-09-09-integrated2,
discounted_rate_volumes,Volumes of discounted-rate services,Volumes of discounted-rate services. Volume only - says nothing about rate levels.,interstate_gas,Form 2:annual;Form 2A:annual,,VolumesOfDiscountedRateServices,Form 2/2-A p.313,filing entity,utr:dth | pure (migrated; rendered p.313 supplies Dth),undim,,,,volume only,detail,,implemented,gas_xbrl,all-regime-2026-09-09-integrated2,
profile_miles_narrative,Line length (narrative disclosure),"FERC-filed narrative disclosure of line length in miles, extracted with its exact span.",interstate_gas;gas_storage,XBRL textblock:annual_observation,,GeneralInformationOnPlantAndOperationsTextblock,Form 2-A p.211.1 GeneralInformationOnPlantAndOperationsTextblock,as worded by the filer; NOT a p.514/p.508 schedule total and not a certified figure,as stated in the narrative,textblock_span,,,,"exact span, qualifier, unit and source fact identity stored; described sections are never added together; no unit conversion without a sourced basis",profile,,implemented,gas_xbrl,all-regime-2026-09-09-integrated2,
profile_diameter_narrative,Line diameter (narrative disclosure),"FERC-filed narrative disclosure of line diameter, extracted with its exact span.",interstate_gas;gas_storage,XBRL textblock:annual_observation,,GeneralInformationOnPlantAndOperationsTextblock,Form 2-A p.211.1 GeneralInformationOnPlantAndOperationsTextblock,as worded by the filer; NOT a p.514/p.508 schedule total and not a certified figure,as stated in the narrative,textblock_span,,,,"exact span, qualifier, unit and source fact identity stored; described sections are never added together; no unit conversion without a sourced basis",profile,,implemented,gas_xbrl,all-regime-2026-09-09-integrated2,
profile_compressor_narrative,Compression (narrative disclosure),"FERC-filed narrative disclosure of named station compressor units and horsepower, extracted with its exact span.",interstate_gas;gas_storage,XBRL textblock:annual_observation,,GeneralInformationOnPlantAndOperationsTextblock,Form 2-A p.211.1 GeneralInformationOnPlantAndOperationsTextblock,as worded by the filer; NOT a p.514/p.508 schedule total and not a certified figure,as stated in the narrative,textblock_span,,,,"exact span, qualifier, unit and source fact identity stored; described sections are never added together; no unit conversion without a sourced basis",profile,,implemented,gas_xbrl,all-regime-2026-09-09-integrated2,
profile_capacity_narrative,Capacity description (narrative disclosure),"FERC-filed narrative disclosure of described capacity of connected line sections, extracted with its exact span.",interstate_gas;gas_storage,XBRL textblock:annual_observation,,GeneralInformationOnPlantAndOperationsTextblock,Form 2-A p.211.1 GeneralInformationOnPlantAndOperationsTextblock,as worded by the filer; NOT a p.514/p.508 schedule total and not a certified figure,as stated in the narrative,textblock_span,,,,"exact span, qualifier, unit and source fact identity stored; described sections are never added together; no unit conversion without a sourced basis",profile,,implemented,gas_xbrl,all-regime-2026-09-09-integrated2,
profile_stations_narrative,Measurement stations (narrative disclosure),"FERC-filed narrative disclosure of receipt and delivery station counts, extracted with its exact span.",interstate_gas;gas_storage,XBRL textblock:annual_observation,,GeneralInformationOnPlantAndOperationsTextblock,Form 2-A p.211.1 GeneralInformationOnPlantAndOperationsTextblock,as worded by the filer; NOT a p.514/p.508 schedule total and not a certified figure,as stated in the narrative,textblock_span,,,,"exact span, qualifier, unit and source fact identity stored; described sections are never added together; no unit conversion without a sourced basis",profile,,implemented,gas_xbrl,all-regime-2026-09-09-integrated2,
profile_flow_statement_narrative,Operating statement (narrative disclosure),"FERC-filed narrative disclosure of the filer's own statement about current or scheduled flows, extracted with its exact span.",interstate_gas;gas_storage,XBRL textblock:annual_observation,,GeneralInformationOnPlantAndOperationsTextblock,Form 2-A p.211.1 GeneralInformationOnPlantAndOperationsTextblock,as worded by the filer; NOT a p.514/p.508 schedule total and not a certified figure,as stated in the narrative,textblock_span,,,,"exact span, qualifier, unit and source fact identity stored; described sections are never added together; no unit conversion without a sourced basis",profile,,implemented,gas_xbrl,all-regime-2026-09-09-integrated2,
liq_operating_revenue,Operating revenue (carrier),"Total operating revenue of the filing carrier, whole-entity scope.",liquids,Form 6:annual;Form 6Q:quarter;Form 6Q:ytd,,OperatingRevenues,Form 6 income statement,"filing entity, whole entity",iso4217:USD,undim,,sequential_ytd,,never mixed with the Page 700 interstate-only panel,headline,,implemented,liquids_xbrl,all-regime-2026-09-09-integrated2,
liq_operating_expenses,Operating expenses (carrier),Total operating expenses of the filing carrier.,liquids,Form 6:annual;Form 6Q:quarter;Form 6Q:ytd,,OperatingExpenses,Form 6 income statement,"filing entity, whole entity",iso4217:USD,undim,,sequential_ytd,,quarterly sum reconciles to annual within tolerance,headline,,implemented,liquids_xbrl,all-regime-2026-09-09-integrated2,
liq_net_carrier_operating_income,Net carrier operating income,Filed accounting operating performance of the carrier. Not EBITDA or cash flow.,liquids,Form 6:annual;Form 6Q:quarter;Form 6Q:ytd,,NetCarrierOperatingIncome,Form 6 income statement,"filing entity, whole entity",iso4217:USD,undim,,sequential_ytd,,identity revenue - expenses = NCOI within metric tolerance,headline,,implemented,liquids_xbrl,all-regime-2026-09-09-integrated2,
liq_operating_margin_pct,Carrier operating margin,"Net carrier operating income over operating revenue, identical scope and period.",liquids,Form 6:annual;Form 6Q:quarter,,,,identical to both inputs,percent,derived_ratio,,"ratio(liq_net_carrier_operating_income, liq_operating_revenue)",liq_net_carrier_operating_income;liq_operating_revenue,"both inputs validated, same scope and exact interval",headline,,implemented,liquids_xbrl,all-regime-2026-09-09-integrated2,
liq_barrels_delivered,Barrels delivered,Barrels delivered in the period.,liquids,Form 6:annual;Form 6Q:quarter;Form 6Q:ytd,,NumberOfBarrelsDeliveredOut,Form 6 traffic schedule,filing entity,utr:bbl | ferc:bbl | pure (reduced-schedule filers),undim,,sequential_ytd,,native filed quarter preferred; a YTD difference is derived and labelled; a YTD fact never satisfies a requested quarter,headline,,implemented,liquids_xbrl,all-regime-2026-09-09-integrated2,
liq_barrels_received,Barrels received,Barrels received in the period.,liquids,Form 6:annual;Form 6Q:quarter;Form 6Q:ytd,,NumberOfBarrelsReceived,Form 6 traffic schedule,filing entity,utr:bbl | ferc:bbl | pure (reduced-schedule filers),undim,,sequential_ytd,,as for barrels delivered,trend,,implemented,liquids_xbrl,all-regime-2026-09-09-integrated2,
liq_barrel_miles,Barrel-miles,Volume-distance activity. Not a utilisation measure.,liquids,Form 6:annual;Form 6 Page 700:annual,,NumberOfBarrelMilesOnTrunkLinesOfOilProducts,Form 6 traffic; Page 700 line,preserve interstate versus whole-entity scope explicitly,barrel-miles,undim,,,,interstate and whole-entity figures are separate observations,detail,,implemented,liquids_xbrl,all-regime-2026-09-09-integrated2,
liq_trunk_revenue,Trunk line revenue,"Trunk line revenue component as filed, exact FERC label preserved.",liquids,Form 6:annual,Form 6:annual,TrunkRevenues,Form 6 operating revenue accounts,filing entity,iso4217:USD,undim,,,,components never summed over an already-filed total,detail,,implemented,liquids_xbrl,all-regime-2026-09-09-integrated2,
liq_delivery_revenue,Delivery revenue,"Delivery revenue component as filed, exact FERC label preserved.",liquids,Form 6:annual,Form 6:annual,DeliveryRevenues,Form 6 operating revenue accounts,filing entity,iso4217:USD,undim,,,,components never summed over an already-filed total,detail,,implemented,liquids_xbrl,all-regime-2026-09-09-integrated2,
liq_allowance_revenue,Allowance revenue,"Allowance revenue component as filed, exact FERC label preserved.",liquids,Form 6:annual,Form 6:annual,AllowanceOilRevenue,Form 6 operating revenue accounts,filing entity,iso4217:USD,undim,,,,components never summed over an already-filed total,detail,,implemented,liquids_xbrl,all-regime-2026-09-09-integrated2,
liq_incidental_revenue,Incidental revenue,"Incidental revenue component as filed, exact FERC label preserved.",liquids,Form 6:annual,Form 6:annual,IncidentalRevenue,Form 6 operating revenue accounts,filing entity,iso4217:USD,undim,,,,components never summed over an already-filed total,detail,,implemented,liquids_xbrl,all-regime-2026-09-09-integrated2,
liq_carrier_property,Carrier property,Carrier property: gross carrier property balance.,liquids,Form 6:instant,,CarrierProperty,Form 6 property schedules,filing entity,iso4217:USD,undim,,,,exact labels preserved; gross additions are not capex,profile,,implemented,liquids_xbrl,all-regime-2026-09-09-integrated2,
liq_noncarrier_property,Noncarrier property,Noncarrier property: gross noncarrier property balance.,liquids,Form 6:instant,,NoncarrierProperty,Form 6 property schedules,filing entity,iso4217:USD,undim,,,,exact labels preserved; gross additions are not capex,profile,,implemented,liquids_xbrl,all-regime-2026-09-09-integrated2,
liq_accum_depreciation,Accumulated depreciation (carrier property),Accumulated depreciation (carrier property): accumulated depreciation on carrier property.,liquids,Form 6:instant,,AccruedDepreciationCarrierProperty,Form 6 property schedules,filing entity,iso4217:USD,undim,,,,exact labels preserved; gross additions are not capex,profile,,implemented,liquids_xbrl,all-regime-2026-09-09-integrated2,
liq_gross_additions,Gross additions to carrier property,Gross additions to carrier property: gross additions in the year; NOT company-defined maintenance or growth capex.,liquids,Form 6:instant,,CarrierPropertyExcludingUndividedJointInterestProperty,Form 6 property schedules,filing entity,iso4217:USD,undim,,,,exact labels preserved; gross additions are not capex,profile,,implemented,liquids_xbrl,all-regime-2026-09-09-integrated2,
liq_miles_of_pipeline,Miles of pipeline,Miles of pipeline: miles of pipeline operated.,liquids,Form 6:annual,,MilesOfTrunkLinesForProductsOperated,Form 6 property schedules,filing entity,utr:mi,undim,,,,exact labels preserved; gross additions are not capex,profile,,implemented,liquids_xbrl,all-regime-2026-09-09-integrated2,
p700_interstate_operating_revenue,Page 700 interstate operating revenue,Interstate operating revenue as reported on Page 700. NOT p.114 whole-entity revenue.,liquids,Form 6 Page 700:annual,,InterstateOperatingRevenues,Form 6 Page 700,"INTERSTATE, carrier-reported, annual. Never mixed with whole-entity Form 6 figures.",iso4217:USD,undim,,,,scope tag 'interstate p.700' must match on both sides of any ratio,detail,,implemented,liquids_xbrl,all-regime-2026-09-09-integrated2,
p700_throughput_barrels,Page 700 throughput (barrels),Interstate throughput in barrels as reported on Page 700.,liquids,Form 6 Page 700:annual,,NumberOfBarrelsReceivedAndDeliveredOutInterstate,Form 6 Page 700,"INTERSTATE, carrier-reported, annual. Never mixed with whole-entity Form 6 figures.",utr:bbl | ferc:bbl | pure (reduced-schedule filers),undim,,,,scope tag 'interstate p.700' must match on both sides of any ratio,detail,,implemented,liquids_xbrl,all-regime-2026-09-09-integrated2,
p700_barrel_miles,Page 700 barrel-miles,Interstate barrel-miles on Page 700.,liquids,Form 6 Page 700:annual,,NumberOfBarrelMilesReceivedAndDeliveredOutInterstate,Form 6 Page 700,"INTERSTATE, carrier-reported, annual. Never mixed with whole-entity Form 6 figures.",barrel-miles,undim,,,,scope tag 'interstate p.700' must match on both sides of any ratio,detail,,implemented,liquids_xbrl,all-regime-2026-09-09-integrated2,
p700_total_cost_of_service,Page 700 total cost of service,"The carrier's reported cost of service. A regulatory computation, not actual cost.",liquids,Form 6 Page 700:annual,,CostOfService,Form 6 Page 700,"INTERSTATE, carrier-reported, annual. Never mixed with whole-entity Form 6 figures.",iso4217:USD,undim,,,,scope tag 'interstate p.700' must match on both sides of any ratio,detail,,implemented,liquids_xbrl,all-regime-2026-09-09-integrated2,
p700_original_cost_rate_base,Page 700 original-cost rate base,"The rate base used as the INPUT to the Page 700 cost-of-service computation, on the original-cost methodology. It is a regulatory construct, not an asset value, not invested capital, and never a denominator for realised return on capital. Return over rate base is the ALLOWED return in a cost-of-service calculation, never an achieved one.",liquids,Form 6 Page 700:instant,,OriginalCostIncludedInRateBase,Form 6 Page 700,"INTERSTATE, carrier-reported, annual. Never mixed with whole-entity Form 6 figures.",iso4217:USD,undim,,,,scope tag 'interstate p.700' must match on both sides of any ratio,detail,,implemented,liquids_xbrl,all-regime-2026-09-09-integrated2,
p700_trended_original_cost_rate_base,Page 700 trended-original-cost rate base,"The rate base used as the INPUT to the Page 700 cost-of-service computation, on the trended-original-cost methodology. It is a regulatory construct, not an asset value, not invested capital, and never a denominator for realised return on capital. Return over rate base is the ALLOWED return in a cost-of-service calculation, never an achieved one.",liquids,Form 6 Page 700:instant,,TrendedOriginalCostRateBase,Form 6 Page 700,"INTERSTATE, carrier-reported, annual. Never mixed with whole-entity Form 6 figures.",iso4217:USD,undim,,,,scope tag 'interstate p.700' must match on both sides of any ratio,detail,,implemented,liquids_xbrl,all-regime-2026-09-09-integrated2,
p700_return_component,Page 700 return component,"The return ALLOWANCE inside the cost-of-service calculation. An input to that calculation, never an achieved return on capital or realised profit.",liquids,Form 6 Page 700:instant,,ReturnOnRateBase,Form 6 Page 700,"INTERSTATE, carrier-reported, annual. Never mixed with whole-entity Form 6 figures.",iso4217:USD,undim,,,,scope tag 'interstate p.700' must match on both sides of any ratio,detail,,implemented,liquids_xbrl,all-regime-2026-09-09-integrated2,
p700_income_tax_allowance,Page 700 income tax allowance,Income tax allowance component of the cost of service.,liquids,Form 6 Page 700:instant,,IncomeTaxAllowance,Form 6 Page 700,"INTERSTATE, carrier-reported, annual. Never mixed with whole-entity Form 6 figures.",iso4217:USD,undim,,,,scope tag 'interstate p.700' must match on both sides of any ratio,detail,,implemented,liquids_xbrl,all-regime-2026-09-09-integrated2,
p700_depreciation_regulatory,Page 700 regulatory-basis depreciation,Depreciation on the regulatory basis used in the cost of service.,liquids,Form 6 Page 700:annual,,DepreciationExpense,Form 6 Page 700,"INTERSTATE, carrier-reported, annual. Never mixed with whole-entity Form 6 figures.",iso4217:USD,undim,,,,scope tag 'interstate p.700' must match on both sides of any ratio,detail,,implemented,liquids_xbrl,all-regime-2026-09-09-integrated2,
p700_wacc,Page 700 weighted average cost of capital,The WACC used in the return allowance.,liquids,Form 6 Page 700:annual,,WeightedAverageCostOfCapitalRateOfReturn,Form 6 Page 700,"INTERSTATE, carrier-reported, annual. Never mixed with whole-entity Form 6 figures.",percent,undim,,,,scope tag 'interstate p.700' must match on both sides of any ratio,detail,,implemented,liquids_xbrl,all-regime-2026-09-09-integrated2,
p700_capital_structure_debt,Page 700 capital structure - debt share,Debt proportion in the capital structure used for the return allowance.,liquids,Form 6 Page 700:annual,,AdjustedCapitalStructureRatioForLongTermDebtRateOfReturn,Form 6 Page 700,"INTERSTATE, carrier-reported, annual. Never mixed with whole-entity Form 6 figures.",percent,undim,,,,scope tag 'interstate p.700' must match on both sides of any ratio,detail,,implemented,liquids_xbrl,all-regime-2026-09-09-integrated2,
p700_capital_structure_equity,Page 700 capital structure - equity share,Equity proportion in the capital structure used for the return allowance.,liquids,Form 6 Page 700:annual,,AdjustedCapitalStructureRatioForStockholdersEquityRateOfReturn,Form 6 Page 700,"INTERSTATE, carrier-reported, annual. Never mixed with whole-entity Form 6 figures.",percent,undim,,,,scope tag 'interstate p.700' must match on both sides of any ratio,detail,,implemented,liquids_xbrl,all-regime-2026-09-09-integrated2,
p700_revenue_less_cost_of_service,Page 700 revenue less reported cost of service,A REGULATORY SCREEN: reported interstate revenue minus reported cost of service. Not realised profit and not a finding that rates are unlawful.,liquids,Form 6 Page 700:annual,,,,"both inputs from Page 700, same year, same carrier",iso4217:USD,derived_difference,,"difference(p700_interstate_operating_revenue, p700_total_cost_of_service)",p700_interstate_operating_revenue;p700_total_cost_of_service,both inputs present and from the same Page 700 filing,headline,,implemented,liquids_xbrl,all-regime-2026-09-09-integrated2,
p700_revenue_to_cost_ratio,Page 700 revenue / cost-of-service ratio,The same regulatory screen expressed as a ratio.,liquids,Form 6 Page 700:annual,,,,Page 700 interstate only,ratio,derived_ratio,,"ratio(p700_interstate_operating_revenue, p700_total_cost_of_service)",p700_interstate_operating_revenue;p700_total_cost_of_service,denominator non-zero; displayed with the dollar figures as one story,headline,,implemented,liquids_xbrl,all-regime-2026-09-09-integrated2,
liq_revenue_per_barrel,Transport revenue per barrel,"Matched transport/trunk revenue divided by matched barrels. Revenue intensity, NOT the filed tariff rate.",liquids,Form 6:annual;Form 6 Page 700:annual,,,,"requires matching service, product, route and period on both inputs",USD per barrel,derived_ratio,,"ratio(matched revenue, matched barrels)",p700_interstate_operating_revenue;p700_throughput_barrels,both inputs must carry the same scope tag; a whole-entity revenue over a Page 700 barrel count is refused,conditional,,implemented,liquids_xbrl,all-regime-2026-09-09-integrated2,
liq_opex_per_barrel,Operating expense per barrel,Matched operating expense divided by matched barrels.,liquids,Form 6:annual,,,,requires matching scope on both inputs,USD per barrel,derived_ratio,,"ratio(liq_operating_expenses, liq_barrels_delivered)",liq_operating_expenses;liq_barrels_delivered,scope compatibility checked before publication,conditional,,implemented,liquids_xbrl,all-regime-2026-09-09-integrated2,
liq_form6_filing_completeness,Form 6 filing completeness,Whether the carrier filed a FULL Form 6 or a reduced-schedule filing. The presence of Page 700 alone does NOT prove a full Form 6.,liquids,Form 6:annual_observation,,FormType,Form 6 entry point vs filed schedules,filing-level attribute,categorical,schedule_census,,,,"determined by comparing filed schedules against the form's taxonomy, not by the presence of any single page",detail,,implemented,liquids_xbrl,all-regime-2026-09-09-integrated2,
liq_oil_pipeline_index_factor,FERC Oil Pipeline Index - ceiling multiplier,"The multiplier 18 CFR 342.3(d) directs oil pipelines to apply to the previous index year's rate ceiling to obtain the next one. A DIMENSIONLESS ratio of ceiling to ceiling, never a percent. It is an industry-wide regulatory ceiling adjustment, NOT a commodity oil price and NOT any carrier's actual tariff change.",liquids,FERC Oil Pipeline Index:interval,,,"Notice of Annual Change in the PPI-FG, Docket No. RM93-11-000","industry-wide oil pipeline rate-ceiling adjustment, not a carrier rate",multiplier,published_index_notice,,,,the index year runs 1 July to 30 June; a superseded factor is retained with its own effective date and never overwritten,detail,,implemented,oil_index,all-regime-2026-09-09-integrated2,
liq_oil_pipeline_index_change,FERC Oil Pipeline Index - annual change,The index figure FERC publishes as 'the percent change (expressed as a decimal)'. Stored as a fraction; displayed as a percent. Equals factor - 1 and is never interchangeable with the factor.,liquids,FERC Oil Pipeline Index:interval,,,"Notice of Annual Change in the PPI-FG, Docket No. RM93-11-000","industry-wide oil pipeline rate-ceiling adjustment, not a carrier rate",percent,published_index_notice,,,,"read only from each notice's explicit published change; it is NEVER back-derived from the factor, including for anomaly/reconsideration years",detail,,implemented,oil_index,all-regime-2026-09-09-integrated2,
ioc_firm_transport_mdq,Firm transportation MDQ,"Sum of eligible D-record transportation MDQ at its contract/service grain, at the header snapshot date. Not physical capacity and not firm revenue.",interstate_gas;gas_storage,Form 549B IOC:snapshot,,,"Form 549B Index of Customers, D records","contracted firm transportation, filer-reported",Dth/day,ioc_d_records,,,,"snapshot date taken from the header field, not the report date; contracts aggregated at their own grain before summing",headline,,implemented,ioc,all-regime-2026-09-09-integrated2,
ioc_contracted_storage_quantity,Contracted storage quantity,"The quantity the pipeline is OBLIGATED TO STORE. Despite the legacy MDQ caption on the field, this is NOT Dth/day and NOT a withdrawal capability.",gas_storage;interstate_gas,Form 549B IOC:snapshot,,,Form 549B IOC storage quantity field,contracted storage obligation,"Dth (quantity, not per-day)",ioc_d_records,,,,"never added to transport MDQ, inventory capacity or daily withdrawal",headline,,implemented,ioc,all-regime-2026-09-09-integrated2,
ioc_top5_shipper_concentration,Top-five shipper MDQ concentration,"Share of matched MDQ held by the five largest LEGAL SHIPPERS, after aggregating each shipper's contracts. Not credit or revenue concentration.",interstate_gas;gas_storage,Form 549B IOC:snapshot,,,,share of the stated denominator only,percent,ioc_aggregate_then_rank,,,ioc_firm_transport_mdq,explicit denominator published; identity coverage and unknown-identity share published alongside; contracts aggregated to the shipper first,headline,,implemented,ioc,all-regime-2026-09-09-integrated2,
ioc_expiry_profile,Primary-term expiry profile,"MDQ by remaining primary term in 0-1, 1-2, 2-5, 5+ year buckets, with continuing-after-primary-term and unknown reported separately.",interstate_gas;gas_storage,Form 549B IOC:snapshot,,,,matched contracts only,Dth/day by bucket,ioc_expiry_buckets,,,ioc_firm_transport_mdq,unknown-expiry MDQ share always shown; the continuation field describes a ROLLOVER PERIOD and is never treated as a guaranteed termination date,headline,,implemented,ioc,all-regime-2026-09-09-integrated2,
ioc_affiliate_share,Affiliate contract share,Share of matched MDQ held by contracts flagged as affiliate.,interstate_gas;gas_storage,Form 549B IOC:snapshot,,,,explicit denominator,percent,ioc_flag_share,,,,unknown-affiliate rows counted separately from non-affiliate,detail,,implemented,ioc,all-regime-2026-09-09-integrated2,
ioc_identity_coverage,Shipper identity coverage,Share of matched MDQ whose shipper identity resolved to a stable ID.,interstate_gas;gas_storage,Form 549B IOC:snapshot,,,,diagnostic,percent,ioc_coverage,,,,IDs are filer-local unless evidence supports a wider identity,detail,,implemented,ioc,all-regime-2026-09-09-integrated2,
ioc_mdq_change,MDQ change versus prior snapshot,Change in matched MDQ between two snapshots of the same filer.,interstate_gas;gas_storage,Form 549B IOC:snapshot,,,,"same filer, consecutive snapshots",Dth/day,ioc_snapshot_diff,,,ioc_firm_transport_mdq,contracts absent from an incomplete snapshot are NOT termination events; arrival of a revised file is separated from an economic change,trend,,implemented,ioc,all-regime-2026-09-09-integrated2,
ioc_points,Contract point and segment records,"P-record receipt (M2), delivery (MQ) and segment endpoint (S8/S9) records retained for location detail.",interstate_gas;gas_storage,Form 549B IOC:snapshot,,,,location detail only,codes,ioc_p_records,,,,"S8 is a SEGMENT endpoint, not a receipt code; no universal 'P sum = 2 x D total' assertion; allocations only where type-aware and separately validated",detail,,implemented,ioc,all-regime-2026-09-09-integrated2,
cap_reported_capacity,Reported capacity (annual capacity report),"Entity/route/storage capacity figures from the annual 549B capacity report, each with its own definition and directional scope.",interstate_gas;gas_storage,Form 549B Capacity:as_of,,,Form 549B annual capacity report (due March 1),as defined in the report; direction and season preserved,as reported,document_span,,,,"definition, directional scope, unit, date, page evidence and confidence stored with every figure; a filer-specific value may be shown even when peer comparison is invalid",conditional,,implemented,capacity,all-regime-2026-09-09-integrated2,
cap_peak_day_ratio,Peak-day delivery / deliverability ratio,Peak-day deliveries over reported peak-day deliverability.,interstate_gas,Form 549B Capacity:as_of,,,,"requires matching system scope, season/date, storage treatment and units",percent,derived_ratio,,,single_day_peak_deliveries;cap_reported_capacity,"attempted ONLY when all four scope dimensions align; never given a universal denominator; called peak-day, never annual, utilisation",gated,"ungates only when the capacity report's definition, direction, season and unit are confirmed to match the p.518 peak scope for that filer",implemented,capacity,all-regime-2026-09-09-integrated2,
i311_billed_transport_usage,Quarterly billed transportation usage,Billed transportation usage on FERC-reportable NGPA 311/Hinshaw services.,intrastate_549d,Form 549D:quarter,,,,FERC-reportable 311/Hinshaw services only - NOT the whole intrastate pipeline,as reported per service,d549_usage,,,,"grouped by compatible service and unit; storage, injection, withdrawal and reservation determinants kept separate",headline,,implemented,form549d,all-regime-2026-09-09-integrated2,
i311_storage_determinants,Storage / injection / withdrawal / reservation determinants,Separately scoped billing determinants that are not transportation usage.,intrastate_549d,Form 549D:quarter,,,,each determinant separately scoped,as reported,d549_determinants,,,,never merged into transportation usage or into one another,detail,,implemented,form549d,all-regime-2026-09-09-integrated2,
i311_firm_share,Firm share of reported billed usage,Service mix. NOT the percentage of revenue protected by fixed fees.,intrastate_549d,Form 549D:quarter,,,,share of the stated billed activity,percent,d549_share,,,i311_billed_transport_usage,explicit denominator; unknown service type reported separately,headline,,implemented,form549d,all-regime-2026-09-09-integrated2,
i311_top5_shipper_share,Top-five shipper share,Share of the specified billed activity held by the five largest shippers.,intrastate_549d,Form 549D:quarter,,,,share of the stated billed activity,percent,d549_aggregate_then_rank,,,i311_billed_transport_usage,stable filer-local identity and identity coverage required; contracts aggregated to the shipper before ranking,headline,,implemented,form549d,all-regime-2026-09-09-integrated2,
i311_affiliate_activity,Affiliate activity,"Billed activity flagged as affiliate, with unknown-affiliate kept separate.",intrastate_549d,Form 549D:quarter,,,,explicit denominator,percent,d549_flag_share,,,,unknown affiliate flags never merged into non-affiliate; blank revenue is not zero,detail,,implemented,form549d,all-regime-2026-09-09-integrated2,
i311_contract_expiry,Contract primary-term expiry,Expiry distribution on an explicitly labelled weight.,intrastate_549d,Form 549D:quarter,,,,"weight is named: contract count, billed usage or matched revenue",by weight,d549_expiry,,,,the weight is always stated; no 'earnings at risk' inferred from usage,conditional,,implemented,form549d,all-regime-2026-09-09-integrated2,
i311_annual_transport_revenue,Annual reported transportation revenue,"Annual customer revenue for transportation services, reported in the Q4 filing. Under Order 735-A this EXCLUDES storage services.",intrastate_549d,Form 549D:annual,,,,"FERC-reportable 311/Hinshaw transportation services, excluding storage",iso4217:USD,d549_annual_revenue,,,,revenue completeness measured over transportation records and the annual period; unreported storage revenue must NOT depress transportation coverage; annual revenue may exist for contracts with no Q4 usage,headline,,implemented,form549d,all-regime-2026-09-09-integrated2,
i311_revenue_components,Annual revenue components,Reported revenue components compared with the reported total for the same year and service.,intrastate_549d,Form 549D:annual,,,,"same-year, same-service components",iso4217:USD,d549_components,,,i311_annual_transport_revenue,"components reconciled to their own reported total, not to a computed sum",detail,,implemented,form549d,all-regime-2026-09-09-integrated2,
i311_revenue_grain_diagnostic,Revenue aggregation diagnostic,Whether the reporting grain is resolved well enough to publish a revenue total.,intrastate_549d,Form 549D:annual,,,,diagnostic,categorical,d549_grain_probe,,,,"NO 'same amount means duplicate' rule and NO 0.5% divergence threshold. If the grain is unresolved the aggregate is BLOCKED and alternative treatments are retained as audit scenarios, not as confidence bounds",detail,,implemented,form549d,all-regime-2026-09-09-integrated2,
i311_component_rates,Reported component rates,"Filed component rates with their descriptors, units and time bases.",intrastate_549d,Form 549D:quarter,,,,per descriptor; different unit/time bases stay separate,as reported,d549_rates,,,,validated on matching component/unit/time bases; annual revenue is NEVER divided by quarterly usage; no all-in tariff invented from missing rates,detail,,implemented,form549d,all-regime-2026-09-09-integrated2,
i311_discounts_and_schedules,"Discounts, rate schedules and PR dockets","Discounted-rate lists, rate schedules and the PR dockets that authorise them.",intrastate_549d,Form 549D:quarter,,,,per service,categorical,d549_descriptors,,,,rate authority applies to particular services; corrected filings are kept distinct from changed trading activity,detail,,implemented,form549d,all-regime-2026-09-09-integrated2,
i311_points_decoded,Decoded receipt and delivery points,Point codes joined to separately filed cross-reference records where the evidence supports the join.,intrastate_549d,Form 549D:quarter,,,,per contract,codes,d549_points,,,,unknown proprietary codes remain codes; no invented names,detail,,implemented,form549d,all-regime-2026-09-09-integrated2,
i311_reporting_state,Reporting state,Whether the respondent filed activity or declared no reportable activity.,intrastate_549d,Form 549D:quarter,,,,filing-level,categorical,d549_state,,,,'No reportable activity declared' is a valid filing state and is never displayed as 'no filing' or 'pipeline inactive'; missing rows do not prove contracts terminated,detail,,implemented,form549d,all-regime-2026-09-09-integrated2,
rate_case_status,General rate case status,"Current stage of the entity's general rate proceeding, from order text.",interstate_gas;gas_storage;liquids;intrastate_549d,eLibrary document:as_of,,,,the named docket only,categorical,document_span,,,,"filings, accepted/suspended rates, settlement approval, rate effectiveness and refund completion are DISTINCT states; an explicitly sourced legal date is marked differently from a stage inferred from metadata; the most recent filing in a docket does not supersede every earlier order",headline,,implemented,elibrary_docs,all-regime-2026-09-09-integrated2,
rate_effective_date,Rate effective date,"The date on which rates became or become effective, from order text.",interstate_gas;gas_storage;liquids;intrastate_549d,eLibrary document:as_of,,,,the named docket,(date),document_span,,,,requires order text; metadata inference alone is insufficient,detail,,implemented,elibrary_docs,all-regime-2026-09-09-integrated2,
refund_exposure_window,Refund exposure window,The period over which collections may be subject to refund. Identifies the WINDOW only.,interstate_gas;gas_storage;liquids,eLibrary document:as_of,,,,the named docket,(date range),document_span,,,,NO dollar amount is published without a sourced calculation of the affected rates and volumes,conditional,,implemented,elibrary_docs,all-regime-2026-09-09-integrated2,
tariff_operative_rate,Operative tariff rate,A legally operative numeric rate.,interstate_gas;liquids,eLibrary document:as_of,,,,per rate schedule and service,as filed,document_span,,,,"published ONLY when record, scope, effective status and the relevant orders reconcile; otherwise the retrieved source values are retained with an explicit unresolved-operative-rate status",gated,ungates per filer when a tariff record's effective status and the governing order are both retrieved and reconciled,implemented,elibrary_docs,all-regime-2026-09-09-integrated2,
lng_liquefaction_capacity,Authorised liquefaction capacity,"Liquefaction/export capacity authorised by a FERC order, with its exact basis.",lng,eLibrary document:as_of,,,,the authorised facility named in the order; never a terminal-wide total copied onto a train group,as stated in the order,document_span,,,,order basis and units cited; never substituted by a regasification or send-out figure; not actual output; not an export licence,headline,,implemented,lng,all-regime-2026-09-09-integrated2,
lng_regas_sendout_capacity,Authorised regasification / send-out capacity,Regasification or send-out capacity authorised by a FERC order.,lng,eLibrary document:as_of,,,,the authorised facility named in the order,as stated in the order,document_span,,,,kept strictly separate from liquefaction capacity,headline,,implemented,lng,all-regime-2026-09-09-integrated2,
lng_storage_capacity,Authorised LNG storage,Authorised LNG storage capacity and its amendments.,lng,eLibrary document:as_of,,,,shared-facility scope preserved; parent totals never duplicated onto each asset,as stated in the order,document_span,,,,"amendments preserved as a sequence, not overwritten",profile,,implemented,lng,all-regime-2026-09-09-integrated2,
lng_status_requested,Facility status: requested,An application or request has been filed. A request decides nothing and is never an approval.,lng,eLibrary document:as_of,,,,the named facility and docket,categorical,document_span,,,,"the four states -- requested, commissioning authorised, service authorised, operation reported -- are four separate assertions and never substitute for one another. One order may grant two of them; that order produces both states, not one.",headline,,implemented,lng,all-regime-2026-09-09-integrated2,
lng_status_commissioning,Facility status: commissioning authorised,"FERC has permitted the introduction of hazardous fluids, feed gas or refrigerants into a named component. This is a construction/start-up step. It is NOT authorisation to enter service and NOT evidence of operation.",lng,eLibrary document:as_of,,,,"the named component of the named facility, and the docket",categorical,document_span,,,,"the four states -- requested, commissioning authorised, service authorised, operation reported -- are four separate assertions and never substitute for one another. One order may grant two of them; that order produces both states, not one.",headline,,implemented,lng,all-regime-2026-09-09-integrated2,
lng_status_authorised,Facility status: authorised to enter service,FERC has authorised entry into service. This is NOT proof of an actual start.,lng,eLibrary document:as_of,,,,the named facility and docket,categorical,document_span,,,,"the four states -- requested, commissioning authorised, service authorised, operation reported -- are four separate assertions and never substitute for one another. One order may grant two of them; that order produces both states, not one.",headline,,implemented,lng,all-regime-2026-09-09-integrated2,
lng_status_operating,Facility status: operation reported,Operation has been reported to FERC. This is NOT implied by an authorisation.,lng,eLibrary document:as_of,,,,the named facility and docket,categorical,document_span,,,,"the four states -- requested, commissioning authorised, service authorised, operation reported -- are four separate assertions and never substitute for one another. One order may grant two of them; that order produces both states, not one.",headline,,implemented,lng,all-regime-2026-09-09-integrated2,
lng_operational_report,Latest operational report,"The latest operational report period and filing, plus the facility-specific reporting obligation that requires it.",lng,eLibrary document:as_of,,,,the named facility; joint filer and docket associations retained,(period),document_span,,,,the obligation is verified from the facility's own FERC order. The generic 284.126(g) semi-annual storage-report Class/Type is NOT proof of an LNG reporting obligation,detail,,implemented,lng,all-regime-2026-09-09-integrated2,
lng_inspection,Latest inspection and follow-up,"The latest inspection, extracted outcomes, follow-up evidence and any unresolved conditions.",lng,eLibrary document:as_of,,,,the named facility,categorical | (date),document_span,,,,"if only metadata were read, the outcome is recorded as NOT EXTRACTED; no closure or compliance status is invented. The actual inspection date is a date-valued capability; discovery, findings, actions and closure are categorical capabilities and remain distinct in scope.",detail,,implemented,lng,all-regime-2026-09-09-integrated2,
lng_material_order,"Material order, amendment or operating restriction","A decision affecting the facility, described by what it decided.",lng,eLibrary document:as_of,,,,the named facility and docket,categorical,document_span,,,,"described as a decision, not merely as 'a new CP filing'; one shared filing links to several assets without duplicating capacities or events",headline,,implemented,lng,all-regime-2026-09-09-integrated2,
event_reportable_interruption,Reportable service interruption,An interruption reported to FERC under the applicable reporting rule.,interstate_gas,eLibrary document:as_of,,,,"Form 576 scope is INTERSTATE GAS, not all gas",categorical,document_span,,,,"FERC-only interruption reports are not comprehensive availability statistics; classification route must be verified, and zero local records is not evidence that no source exists",detail,,implemented,elibrary_docs,all-regime-2026-09-09-integrated2,
event_replacement_report,Facility replacement report,A filed replacement report.,interstate_gas,eLibrary document:as_of,,,,the named facility,categorical,document_span,,,,a routine replacement report is NOT maintenance-capex data and does not by itself establish financial materiality,detail,,implemented,elibrary_docs,all-regime-2026-09-09-integrated2,
