template,field_id,metric_id,adapter,implementation,outcome,evidence,blocker,note,within_template_observations,within_template_present_pass,within_template_present,within_template_entities
gas_storage,accum_prov_depreciation_gas_plant,accum_prov_depreciation_gas_plant,gas_xbrl,implemented,implemented_retrieved_validated,82 validated + 0 flagged values across 40 entities,,role=profile; regimes=Form 2;Form 2A,18,6,6,9
gas_storage,cap_reported_capacity,cap_reported_capacity,capacity,implemented,implemented_retrieved_validated,381 validated + 0 flagged values across 41 entities,,role=conditional; regimes=Form 549B Capacity,67,60,60,9
gas_storage,deliveries_of_gas_transported_for_others,deliveries_of_gas_transported_for_others,gas_xbrl,implemented,implemented_retrieved_validated,714 validated + 1 flagged values across 40 entities,,role=detail; regimes=Form 2;Form 2A;Form 2;Form 2A;Form 3Q Gas;Form 3Q Gas,84,24,24,9
gas_storage,depreciation_expense,depreciation_expense,gas_xbrl,implemented,implemented_retrieved_validated,704 validated + 0 flagged values across 40 entities,,role=detail; regimes=Form 2;Form 2A;Form 3Q Gas;Form 3Q Gas,66,54,54,9
gas_storage,gas_account_balancing_total,gas_account_balancing_total,gas_xbrl,implemented,implemented_retrieved_validated,803 validated + 0 flagged values across 40 entities,,role=detail; regimes=Form 2;Form 2A;Form 2;Form 2A;Form 3Q Gas;Form 3Q Gas,84,74,74,9
gas_storage,gas_delivered_by_utility,gas_delivered_by_utility,gas_xbrl,implemented,implemented_retrieved_validated,803 validated + 0 flagged values across 40 entities,,role=detail; regimes=Form 2;Form 2A;Form 2;Form 2A;Form 3Q Gas;Form 3Q Gas,84,74,74,9
gas_storage,gas_losses_and_unaccounted_for,gas_losses_and_unaccounted_for,gas_xbrl,implemented,implemented_retrieved_validated,700 validated + 0 flagged values across 40 entities,,role=detail; regimes=Form 2;Form 2A;Form 2;Form 2A;Form 3Q Gas;Form 3Q Gas,84,24,24,9
gas_storage,gas_of_others_received_for_transmission,gas_of_others_received_for_transmission,gas_xbrl,implemented,implemented_retrieved_validated,714 validated + 1 flagged values across 40 entities,,role=detail; regimes=Form 2;Form 2A;Form 2;Form 2A;Form 3Q Gas;Form 3Q Gas,84,24,24,9
gas_storage,gas_operating_revenues,gas_operating_revenues,gas_xbrl,implemented,implemented_retrieved_validated,778 validated + 0 flagged values across 40 entities,,role=headline; regimes=Form 2;Form 2A;Form 3Q Gas;Form 3Q Gas;Form 2;Form 2A,90,62,62,9
gas_storage,gas_plant_in_service,gas_plant_in_service,gas_xbrl,implemented,implemented_retrieved_validated,393 validated + 0 flagged values across 40 entities,,role=profile; regimes=Form 2;Form 2A;Form 3Q Gas,42,30,30,9
gas_storage,gas_received_by_utility,gas_received_by_utility,gas_xbrl,implemented,implemented_retrieved_validated,803 validated + 0 flagged values across 40 entities,,role=detail; regimes=Form 2;Form 2A;Form 2;Form 2A;Form 3Q Gas;Form 3Q Gas,84,74,74,9
gas_storage,ioc_affiliate_share,ioc_affiliate_share,ioc,implemented,implemented_retrieved_validated,894 validated + 4 flagged values across 40 entities,,role=detail; regimes=Form 549B IOC,190,188,188,9
gas_storage,ioc_contracted_storage_quantity,ioc_contracted_storage_quantity,ioc,implemented,implemented_retrieved_validated,150 validated + 8 flagged values across 40 entities,,role=headline; regimes=Form 549B IOC,73,71,71,9
gas_storage,ioc_expiry_profile,ioc_expiry_profile,ioc,implemented,implemented_retrieved_validated,3031 validated + 13 flagged values across 40 entities,,role=headline; regimes=Form 549B IOC,637,635,635,9
gas_storage,ioc_firm_transport_mdq,ioc_firm_transport_mdq,ioc,implemented,implemented_retrieved_validated,295 validated + 18 flagged values across 40 entities,,role=headline; regimes=Form 549B IOC,73,21,34,9
gas_storage,ioc_identity_coverage,ioc_identity_coverage,ioc,implemented,implemented_retrieved_validated,447 validated + 2 flagged values across 40 entities,,role=detail; regimes=Form 549B IOC,96,94,94,9
gas_storage,ioc_mdq_change,ioc_mdq_change,ioc,implemented,implemented_retrieved_validated,258 validated + 25 flagged values across 40 entities,,role=trend; regimes=Form 549B IOC,73,18,30,9
gas_storage,ioc_points,ioc_points,ioc,implemented,source_exists_interpretation_blocked,0 validated + 1191 flagged values across 40 entities,,role=detail; regimes=Form 549B IOC,257,0,255,9
gas_storage,ioc_top5_shipper_concentration,ioc_top5_shipper_concentration,ioc,implemented,implemented_retrieved_validated,447 validated + 2 flagged values across 40 entities,,role=headline; regimes=Form 549B IOC,96,94,94,9
gas_storage,maintenance_expense,maintenance_expense,gas_xbrl,implemented,implemented_retrieved_validated,688 validated + 0 flagged values across 40 entities,,role=detail; regimes=Form 2;Form 2A;Form 3Q Gas;Form 3Q Gas,66,54,54,9
gas_storage,max_day_withdrawal,max_day_withdrawal,gas_xbrl,implemented,implemented_retrieved_validated,7 validated + 25 flagged values across 40 entities,,role=headline; regimes=Form 2,18,0,2,9
gas_storage,net_income,net_income,gas_xbrl,implemented,implemented_retrieved_validated,702 validated + 0 flagged values across 40 entities,,role=detail; regimes=Form 2;Form 2A;Form 3Q Gas;Form 3Q Gas,66,54,54,9
gas_storage,net_utility_operating_income,net_utility_operating_income,gas_xbrl,implemented,implemented_retrieved_validated,785 validated + 0 flagged values across 40 entities,,role=headline; regimes=Form 2;Form 2A;Form 3Q Gas;Form 3Q Gas;Form 2;Form 2A,90,60,60,9
gas_storage,operating_margin_pct,operating_margin_pct,gas_xbrl,implemented,implemented_retrieved_validated,768 validated + 0 flagged values across 40 entities,,role=headline; regimes=Form 2;Form 2A;Form 3Q Gas,72,60,60,9
gas_storage,operation_expense,operation_expense,gas_xbrl,implemented,implemented_retrieved_validated,704 validated + 0 flagged values across 40 entities,,role=detail; regimes=Form 2;Form 2A;Form 3Q Gas;Form 3Q Gas,66,54,54,9
gas_storage,profile_capacity_narrative,profile_capacity_narrative,gas_xbrl,implemented,source_exists_interpretation_blocked,0 validated + 2 flagged values across 40 entities,,role=profile; regimes=XBRL textblock,18,0,0,9
gas_storage,profile_compressor_narrative,profile_compressor_narrative,gas_xbrl,implemented,source_exists_interpretation_blocked,0 validated + 2 flagged values across 40 entities,,role=profile; regimes=XBRL textblock,18,0,0,9
gas_storage,profile_diameter_narrative,profile_diameter_narrative,gas_xbrl,implemented,source_exists_interpretation_blocked,0 validated + 2 flagged values across 40 entities,,role=profile; regimes=XBRL textblock,18,0,0,9
gas_storage,profile_flow_statement_narrative,profile_flow_statement_narrative,gas_xbrl,implemented,source_exists_interpretation_blocked,0 validated + 2 flagged values across 40 entities,,role=profile; regimes=XBRL textblock,18,0,0,9
gas_storage,profile_miles_narrative,profile_miles_narrative,gas_xbrl,implemented,source_exists_interpretation_blocked,0 validated + 2 flagged values across 40 entities,,role=profile; regimes=XBRL textblock,18,0,0,9
gas_storage,profile_stations_narrative,profile_stations_narrative,gas_xbrl,implemented,source_exists_interpretation_blocked,0 validated + 2 flagged values across 40 entities,,role=profile; regimes=XBRL textblock,18,0,0,9
gas_storage,rate_case_status,rate_case_status,elibrary_docs,implemented,implemented_retrieved_validated,18 validated + 0 flagged values across 97 entities,,role=headline; regimes=eLibrary document,9,0,1,9
gas_storage,rate_effective_date,rate_effective_date,elibrary_docs,implemented,implemented_retrieved_validated,16 validated + 0 flagged values across 97 entities,,role=detail; regimes=eLibrary document,9,0,0,9
gas_storage,refund_exposure_window,refund_exposure_window,elibrary_docs,implemented,implemented_retrieved_validated,3 validated + 0 flagged values across 69 entities,,role=conditional; regimes=eLibrary document,9,0,0,9
gas_storage,storage_capacity,storage_capacity,gas_xbrl,implemented,implemented_retrieved_validated,9 validated + 25 flagged values across 40 entities,,role=headline; regimes=Form 2,18,0,2,9
gas_storage,storage_injections,storage_injections,gas_xbrl,implemented,implemented_retrieved_validated,34 validated + 0 flagged values across 40 entities,,role=detail; regimes=Form 2;Form 2A,18,2,2,9
gas_storage,storage_injections_others,storage_injections_others,gas_xbrl,implemented,implemented_retrieved_validated,32 validated + 0 flagged values across 40 entities,,role=detail; regimes=Form 2;Form 2A,18,2,2,9
gas_storage,storage_injections_own,storage_injections_own,gas_xbrl,implemented,implemented_retrieved_validated,32 validated + 0 flagged values across 40 entities,,role=detail; regimes=Form 2;Form 2A,18,0,0,9
gas_storage,storage_withdrawals,storage_withdrawals,gas_xbrl,implemented,implemented_retrieved_validated,34 validated + 0 flagged values across 40 entities,,role=detail; regimes=Form 2;Form 2A,18,2,2,9
gas_storage,storage_withdrawals_others,storage_withdrawals_others,gas_xbrl,implemented,implemented_retrieved_validated,32 validated + 0 flagged values across 40 entities,,role=detail; regimes=Form 2;Form 2A,18,2,2,9
gas_storage,storage_withdrawals_own,storage_withdrawals_own,gas_xbrl,implemented,implemented_retrieved_validated,32 validated + 0 flagged values across 40 entities,,role=detail; regimes=Form 2;Form 2A,18,0,0,9
gas_storage,utility_operating_expenses,utility_operating_expenses,gas_xbrl,implemented,implemented_retrieved_validated,785 validated + 0 flagged values across 40 entities,,role=headline; regimes=Form 2;Form 2A;Form 3Q Gas;Form 3Q Gas;Form 2;Form 2A,90,60,60,9
interstate_gas,accum_depreciation_transmission,accum_depreciation_transmission,gas_xbrl,implemented,implemented_retrieved_validated,76 validated + 0 flagged values across 40 entities,,role=profile; regimes=Form 2;Form 2A,78,74,74,31
interstate_gas,accum_prov_depreciation_gas_plant,accum_prov_depreciation_gas_plant,gas_xbrl,implemented,implemented_retrieved_validated,82 validated + 0 flagged values across 40 entities,,role=profile; regimes=Form 2;Form 2A,78,76,76,31
interstate_gas,aux_peaking_capacity,aux_peaking_capacity,gas_xbrl,implemented,implemented_retrieved_validated,31 validated + 0 flagged values across 40 entities,,role=detail; regimes=Form 2,78,31,31,31
interstate_gas,backhaul_throughput,backhaul_throughput,gas_xbrl,implemented,implemented_retrieved_validated,184 validated + 0 flagged values across 40 entities,,role=component; regimes=Form 3Q Gas;Form 2;Form 2A,365,184,184,31
interstate_gas,cap_peak_day_ratio,cap_peak_day_ratio,capacity,implemented,implemented_source_blank_or_not_required,"54 observations across 32 entities, all recording an evidenced source condition (blank, nil, not required, not applicable or not yet due)",,role=gated; regimes=Form 549B Capacity,57,0,0,32
interstate_gas,cap_reported_capacity,cap_reported_capacity,capacity,implemented,implemented_retrieved_validated,381 validated + 0 flagged values across 41 entities,,role=conditional; regimes=Form 549B Capacity,365,321,321,32
interstate_gas,certificated_horsepower,certificated_horsepower,gas_xbrl,implemented,implemented_retrieved_validated,57 validated + 9 flagged values across 40 entities,,role=profile; regimes=Form 2,78,53,62,31
interstate_gas,compressor_fuel,compressor_fuel,gas_xbrl,implemented,implemented_retrieved_validated,67 validated + 1 flagged values across 40 entities,,role=profile; regimes=Form 2,78,63,64,31
interstate_gas,compressor_units,compressor_units,gas_xbrl,implemented,implemented_retrieved_validated,66 validated + 0 flagged values across 40 entities,,role=profile; regimes=Form 2,78,62,62,31
interstate_gas,deliveries_of_gas_transported_for_others,deliveries_of_gas_transported_for_others,gas_xbrl,implemented,implemented_retrieved_validated,714 validated + 1 flagged values across 40 entities,,role=detail; regimes=Form 2;Form 2A;Form 2;Form 2A;Form 3Q Gas;Form 3Q Gas,730,690,691,31
interstate_gas,depreciation_expense,depreciation_expense,gas_xbrl,implemented,implemented_retrieved_validated,704 validated + 0 flagged values across 40 entities,,role=detail; regimes=Form 2;Form 2A;Form 3Q Gas;Form 3Q Gas,654,650,650,31
interstate_gas,discounted_rate_volumes,discounted_rate_volumes,gas_xbrl,implemented,implemented_retrieved_validated,63 validated + 0 flagged values across 40 entities,,role=detail; regimes=Form 2;Form 2A,78,61,61,31
interstate_gas,event_replacement_report,event_replacement_report,elibrary_docs,implemented,implemented_retrieved_validated,186 validated + 0 flagged values across 32 entities,,role=detail; regimes=eLibrary document,187,186,186,32
interstate_gas,event_reportable_interruption,event_reportable_interruption,elibrary_docs,implemented,implemented_source_blank_or_not_required,"32 observations across 32 entities, all recording an evidenced source condition (blank, nil, not required, not applicable or not yet due)",,role=detail; regimes=eLibrary document,32,0,0,32
interstate_gas,forwardhaul_throughput,forwardhaul_throughput,gas_xbrl,implemented,implemented_retrieved_validated,341 validated + 1 flagged values across 40 entities,,role=component; regimes=Form 3Q Gas;Form 2;Form 2A,365,331,332,31
interstate_gas,gas_account_balancing_total,gas_account_balancing_total,gas_xbrl,implemented,implemented_retrieved_validated,803 validated + 0 flagged values across 40 entities,,role=detail; regimes=Form 2;Form 2A;Form 2;Form 2A;Form 3Q Gas;Form 3Q Gas,731,729,729,31
interstate_gas,gas_delivered_by_utility,gas_delivered_by_utility,gas_xbrl,implemented,implemented_retrieved_validated,803 validated + 0 flagged values across 40 entities,,role=detail; regimes=Form 2;Form 2A;Form 2;Form 2A;Form 3Q Gas;Form 3Q Gas,732,729,729,31
interstate_gas,gas_losses_and_unaccounted_for,gas_losses_and_unaccounted_for,gas_xbrl,implemented,implemented_retrieved_validated,700 validated + 0 flagged values across 40 entities,,role=detail; regimes=Form 2;Form 2A;Form 2;Form 2A;Form 3Q Gas;Form 3Q Gas,730,676,676,31
interstate_gas,gas_of_others_received_for_transmission,gas_of_others_received_for_transmission,gas_xbrl,implemented,implemented_retrieved_validated,714 validated + 1 flagged values across 40 entities,,role=detail; regimes=Form 2;Form 2A;Form 2;Form 2A;Form 3Q Gas;Form 3Q Gas,731,690,691,31
interstate_gas,gas_operating_revenues,gas_operating_revenues,gas_xbrl,implemented,implemented_retrieved_validated,778 validated + 0 flagged values across 40 entities,,role=headline; regimes=Form 2;Form 2A;Form 3Q Gas;Form 3Q Gas;Form 2;Form 2A,807,716,716,31
interstate_gas,gas_plant_in_service,gas_plant_in_service,gas_xbrl,implemented,implemented_retrieved_validated,393 validated + 0 flagged values across 40 entities,,role=profile; regimes=Form 2;Form 2A;Form 3Q Gas,365,363,363,31
interstate_gas,gas_received_by_utility,gas_received_by_utility,gas_xbrl,implemented,implemented_retrieved_validated,803 validated + 0 flagged values across 40 entities,,role=detail; regimes=Form 2;Form 2A;Form 2;Form 2A;Form 3Q Gas;Form 3Q Gas,731,729,729,31
interstate_gas,ioc_affiliate_share,ioc_affiliate_share,ioc,implemented,implemented_retrieved_validated,894 validated + 4 flagged values across 40 entities,,role=detail; regimes=Form 549B IOC,725,706,710,31
interstate_gas,ioc_contracted_storage_quantity,ioc_contracted_storage_quantity,ioc,implemented,implemented_retrieved_validated,150 validated + 8 flagged values across 40 entities,,role=headline; regimes=Form 549B IOC,294,79,87,31
interstate_gas,ioc_expiry_profile,ioc_expiry_profile,ioc,implemented,implemented_retrieved_validated,3031 validated + 13 flagged values across 40 entities,,role=headline; regimes=Form 549B IOC,2424,2396,2409,31
interstate_gas,ioc_firm_transport_mdq,ioc_firm_transport_mdq,ioc,implemented,implemented_retrieved_validated,295 validated + 18 flagged values across 40 entities,,role=headline; regimes=Form 549B IOC,294,274,279,31
interstate_gas,ioc_identity_coverage,ioc_identity_coverage,ioc,implemented,implemented_retrieved_validated,447 validated + 2 flagged values across 40 entities,,role=detail; regimes=Form 549B IOC,370,353,355,31
interstate_gas,ioc_mdq_change,ioc_mdq_change,ioc,implemented,implemented_retrieved_validated,258 validated + 25 flagged values across 40 entities,,role=trend; regimes=Form 549B IOC,294,240,253,31
interstate_gas,ioc_points,ioc_points,ioc,implemented,source_exists_interpretation_blocked,0 validated + 1191 flagged values across 40 entities,,role=detail; regimes=Form 549B IOC,951,0,936,31
interstate_gas,ioc_top5_shipper_concentration,ioc_top5_shipper_concentration,ioc,implemented,implemented_retrieved_validated,447 validated + 2 flagged values across 40 entities,,role=headline; regimes=Form 549B IOC,370,353,355,31
interstate_gas,maintenance_expense,maintenance_expense,gas_xbrl,implemented,implemented_retrieved_validated,688 validated + 0 flagged values across 40 entities,,role=detail; regimes=Form 2;Form 2A;Form 3Q Gas;Form 3Q Gas,655,634,634,31
interstate_gas,max_day_withdrawal,max_day_withdrawal,gas_xbrl,implemented,implemented_retrieved_validated,7 validated + 25 flagged values across 40 entities,,role=headline; regimes=Form 2,78,7,30,31
interstate_gas,negotiated_rate_volumes,negotiated_rate_volumes,gas_xbrl,implemented,implemented_retrieved_validated,61 validated + 0 flagged values across 40 entities,,role=detail; regimes=Form 2;Form 2A,78,59,59,31
interstate_gas,net_income,net_income,gas_xbrl,implemented,implemented_retrieved_validated,702 validated + 0 flagged values across 40 entities,,role=detail; regimes=Form 2;Form 2A;Form 3Q Gas;Form 3Q Gas,652,648,648,31
interstate_gas,net_utility_operating_income,net_utility_operating_income,gas_xbrl,implemented,implemented_retrieved_validated,785 validated + 0 flagged values across 40 entities,,role=headline; regimes=Form 2;Form 2A;Form 3Q Gas;Form 3Q Gas;Form 2;Form 2A,807,725,725,31
interstate_gas,operating_margin_pct,operating_margin_pct,gas_xbrl,implemented,implemented_retrieved_validated,768 validated + 0 flagged values across 40 entities,,role=headline; regimes=Form 2;Form 2A;Form 3Q Gas,722,708,708,31
interstate_gas,operation_expense,operation_expense,gas_xbrl,implemented,implemented_retrieved_validated,704 validated + 0 flagged values across 40 entities,,role=detail; regimes=Form 2;Form 2A;Form 3Q Gas;Form 3Q Gas,654,650,650,31
interstate_gas,profile_capacity_narrative,profile_capacity_narrative,gas_xbrl,implemented,source_exists_interpretation_blocked,0 validated + 2 flagged values across 40 entities,,role=profile; regimes=XBRL textblock,78,0,2,31
interstate_gas,profile_compressor_narrative,profile_compressor_narrative,gas_xbrl,implemented,source_exists_interpretation_blocked,0 validated + 2 flagged values across 40 entities,,role=profile; regimes=XBRL textblock,78,0,2,31
interstate_gas,profile_diameter_narrative,profile_diameter_narrative,gas_xbrl,implemented,source_exists_interpretation_blocked,0 validated + 2 flagged values across 40 entities,,role=profile; regimes=XBRL textblock,78,0,2,31
interstate_gas,profile_flow_statement_narrative,profile_flow_statement_narrative,gas_xbrl,implemented,source_exists_interpretation_blocked,0 validated + 2 flagged values across 40 entities,,role=profile; regimes=XBRL textblock,78,0,2,31
interstate_gas,profile_miles_narrative,profile_miles_narrative,gas_xbrl,implemented,source_exists_interpretation_blocked,0 validated + 2 flagged values across 40 entities,,role=profile; regimes=XBRL textblock,78,0,2,31
interstate_gas,profile_stations_narrative,profile_stations_narrative,gas_xbrl,implemented,source_exists_interpretation_blocked,0 validated + 2 flagged values across 40 entities,,role=profile; regimes=XBRL textblock,78,0,2,31
interstate_gas,rate_case_status,rate_case_status,elibrary_docs,implemented,implemented_retrieved_validated,18 validated + 0 flagged values across 97 entities,,role=headline; regimes=eLibrary document,35,11,11,32
interstate_gas,rate_effective_date,rate_effective_date,elibrary_docs,implemented,implemented_retrieved_validated,16 validated + 0 flagged values across 97 entities,,role=detail; regimes=eLibrary document,34,10,10,32
interstate_gas,refund_exposure_window,refund_exposure_window,elibrary_docs,implemented,implemented_retrieved_validated,3 validated + 0 flagged values across 69 entities,,role=conditional; regimes=eLibrary document,33,2,2,32
interstate_gas,single_day_peak_date,single_day_peak_date,gas_xbrl,implemented,implemented_retrieved_validated,61 validated + 1 flagged values across 40 entities,,role=detail; regimes=Form 2,78,59,60,31
interstate_gas,single_day_peak_deliveries,single_day_peak_deliveries,gas_xbrl,implemented,implemented_retrieved_validated,68 validated + 0 flagged values across 40 entities,,role=headline; regimes=Form 2,78,66,66,31
interstate_gas,storage_capacity,storage_capacity,gas_xbrl,implemented,implemented_retrieved_validated,9 validated + 25 flagged values across 40 entities,,role=headline; regimes=Form 2,78,9,32,31
interstate_gas,storage_injections,storage_injections,gas_xbrl,implemented,implemented_retrieved_validated,34 validated + 0 flagged values across 40 entities,,role=detail; regimes=Form 2;Form 2A,78,32,32,31
interstate_gas,storage_injections_others,storage_injections_others,gas_xbrl,implemented,implemented_retrieved_validated,32 validated + 0 flagged values across 40 entities,,role=detail; regimes=Form 2;Form 2A,78,30,30,31
interstate_gas,storage_injections_own,storage_injections_own,gas_xbrl,implemented,implemented_retrieved_validated,32 validated + 0 flagged values across 40 entities,,role=detail; regimes=Form 2;Form 2A,78,32,32,31
interstate_gas,storage_withdrawals,storage_withdrawals,gas_xbrl,implemented,implemented_retrieved_validated,34 validated + 0 flagged values across 40 entities,,role=detail; regimes=Form 2;Form 2A,78,32,32,31
interstate_gas,storage_withdrawals_others,storage_withdrawals_others,gas_xbrl,implemented,implemented_retrieved_validated,32 validated + 0 flagged values across 40 entities,,role=detail; regimes=Form 2;Form 2A,78,30,30,31
interstate_gas,storage_withdrawals_own,storage_withdrawals_own,gas_xbrl,implemented,implemented_retrieved_validated,32 validated + 0 flagged values across 40 entities,,role=detail; regimes=Form 2;Form 2A,78,32,32,31
interstate_gas,tariff_operative_rate,tariff_operative_rate,elibrary_docs,implemented,source_exists_interpretation_blocked,27 observations retained with the comparison gated,ungates per filer when a tariff record's effective status and the governing order are both retrieved and reconciled,role=gated; regimes=eLibrary document,32,0,0,32
interstate_gas,three_day_peak_deliveries,three_day_peak_deliveries,gas_xbrl,implemented,implemented_retrieved_validated,68 validated + 0 flagged values across 40 entities,,role=detail; regimes=Form 2,78,66,66,31
interstate_gas,three_day_peak_start_date,three_day_peak_start_date,gas_xbrl,implemented,implemented_retrieved_validated,60 validated + 2 flagged values across 40 entities,,role=detail; regimes=Form 2,78,58,60,31
interstate_gas,total_throughput,total_throughput,gas_xbrl,implemented,implemented_retrieved_validated,346 validated + 1 flagged values across 40 entities,,role=headline; regimes=Form 3Q Gas;Form 2;Form 2A,365,336,337,31
interstate_gas,transmission_miles,transmission_miles,gas_xbrl,implemented,implemented_retrieved_validated,68 validated + 0 flagged values across 40 entities,,role=profile; regimes=Form 2,78,66,66,31
interstate_gas,transmission_plant,transmission_plant,gas_xbrl,implemented,implemented_retrieved_validated,373 validated + 0 flagged values across 40 entities,,role=profile; regimes=Form 2;Form 2A;Form 3Q Gas,365,363,363,31
interstate_gas,utility_operating_expenses,utility_operating_expenses,gas_xbrl,implemented,implemented_retrieved_validated,785 validated + 0 flagged values across 40 entities,,role=headline; regimes=Form 2;Form 2A;Form 3Q Gas;Form 3Q Gas;Form 2;Form 2A,807,725,725,31
intrastate_549d,i311_affiliate_activity,i311_affiliate_activity,form549d,implemented,implemented_retrieved_validated,165 validated + 16 flagged values across 28 entities,,role=detail; regimes=Form 549D,280,165,181,28
intrastate_549d,i311_annual_transport_revenue,i311_annual_transport_revenue,form549d,implemented,implemented_retrieved_validated,26 validated + 1 flagged values across 28 entities,,role=headline; regimes=Form 549D,56,26,27,28
intrastate_549d,i311_billed_transport_usage,i311_billed_transport_usage,form549d,implemented,implemented_retrieved_validated,98 validated + 30 flagged values across 28 entities,,role=headline; regimes=Form 549D,303,98,128,28
intrastate_549d,i311_component_rates,i311_component_rates,form549d,implemented,implemented_retrieved_validated,202 validated + 0 flagged values across 28 entities,,role=detail; regimes=Form 549D,280,202,202,28
intrastate_549d,i311_contract_expiry,i311_contract_expiry,form549d,implemented,implemented_retrieved_validated,231 validated + 0 flagged values across 28 entities,,role=conditional; regimes=Form 549D,280,231,231,28
intrastate_549d,i311_discounts_and_schedules,i311_discounts_and_schedules,form549d,implemented,implemented_retrieved_validated,232 validated + 0 flagged values across 28 entities,,role=detail; regimes=Form 549D,280,232,232,28
intrastate_549d,i311_firm_share,i311_firm_share,form549d,implemented,implemented_retrieved_validated,165 validated + 16 flagged values across 28 entities,,role=headline; regimes=Form 549D,280,165,181,28
intrastate_549d,i311_points_decoded,i311_points_decoded,form549d,implemented,implemented_retrieved_validated,232 validated + 0 flagged values across 28 entities,,role=detail; regimes=Form 549D,280,232,232,28
intrastate_549d,i311_reporting_state,i311_reporting_state,form549d,implemented,implemented_retrieved_validated,271 validated + 0 flagged values across 28 entities,,role=detail; regimes=Form 549D,280,271,271,28
intrastate_549d,i311_revenue_components,i311_revenue_components,form549d,implemented,implemented_retrieved_validated,45 validated + 0 flagged values across 28 entities,,role=detail; regimes=Form 549D,56,45,45,28
intrastate_549d,i311_revenue_grain_diagnostic,i311_revenue_grain_diagnostic,form549d,implemented,implemented_retrieved_validated,55 validated + 0 flagged values across 28 entities,,role=detail; regimes=Form 549D,56,55,55,28
intrastate_549d,i311_storage_determinants,i311_storage_determinants,form549d,implemented,implemented_retrieved_validated,135 validated + 0 flagged values across 28 entities,,role=detail; regimes=Form 549D,280,135,135,28
intrastate_549d,i311_top5_shipper_share,i311_top5_shipper_share,form549d,implemented,implemented_retrieved_validated,165 validated + 16 flagged values across 28 entities,,role=headline; regimes=Form 549D,280,165,181,28
intrastate_549d,rate_case_status,rate_case_status,elibrary_docs,implemented,implemented_retrieved_validated,18 validated + 0 flagged values across 97 entities,,role=headline; regimes=eLibrary document,33,5,14,28
intrastate_549d,rate_effective_date,rate_effective_date,elibrary_docs,implemented,implemented_retrieved_validated,16 validated + 0 flagged values across 97 entities,,role=detail; regimes=eLibrary document,31,5,5,28
liquids,liq_accum_depreciation,liq_accum_depreciation,liquids_xbrl,implemented,implemented_retrieved_validated,55 validated + 0 flagged values across 28 entities,,role=profile; regimes=Form 6,55,55,55,28
liquids,liq_allowance_revenue,liq_allowance_revenue,liquids_xbrl,implemented,implemented_retrieved_validated,23 validated + 0 flagged values across 28 entities,,role=detail; regimes=Form 6,55,23,23,28
liquids,liq_barrel_miles,liq_barrel_miles,liquids_xbrl,implemented,implemented_retrieved_validated,72 validated + 0 flagged values across 28 entities,,role=detail; regimes=Form 6;Form 6 Page 700,110,72,72,28
liquids,liq_barrels_delivered,liq_barrels_delivered,liquids_xbrl,implemented,implemented_retrieved_validated,471 validated + 0 flagged values across 28 entities,,role=headline; regimes=Form 6;Form 6Q;Form 6Q,611,471,471,28
liquids,liq_barrels_received,liq_barrels_received,liquids_xbrl,implemented,implemented_retrieved_validated,468 validated + 0 flagged values across 28 entities,,role=trend; regimes=Form 6;Form 6Q;Form 6Q,609,468,468,28
liquids,liq_carrier_property,liq_carrier_property,liquids_xbrl,implemented,implemented_retrieved_validated,55 validated + 0 flagged values across 28 entities,,role=profile; regimes=Form 6,55,55,55,28
liquids,liq_delivery_revenue,liq_delivery_revenue,liquids_xbrl,implemented,implemented_retrieved_validated,8 validated + 0 flagged values across 28 entities,,role=detail; regimes=Form 6,55,8,8,28
liquids,liq_form6_filing_completeness,liq_form6_filing_completeness,liquids_xbrl,partial,retrieval_or_access_failure,55 observations record a retrieval or parse failure,see blockers table,role=detail; regimes=Form 6,55,0,0,28
liquids,liq_gross_additions,liq_gross_additions,liquids_xbrl,implemented,implemented_retrieved_validated,55 validated + 0 flagged values across 28 entities,,role=profile; regimes=Form 6,55,55,55,28
liquids,liq_incidental_revenue,liq_incidental_revenue,liquids_xbrl,implemented,implemented_retrieved_validated,19 validated + 0 flagged values across 28 entities,,role=detail; regimes=Form 6,55,19,19,28
liquids,liq_miles_of_pipeline,liq_miles_of_pipeline,liquids_xbrl,implemented,implemented_retrieved_validated,34 validated + 0 flagged values across 28 entities,,role=profile; regimes=Form 6,55,34,34,28
liquids,liq_net_carrier_operating_income,liq_net_carrier_operating_income,liquids_xbrl,implemented,implemented_retrieved_validated,483 validated + 0 flagged values across 28 entities,,role=headline; regimes=Form 6;Form 6Q;Form 6Q,483,483,483,28
liquids,liq_noncarrier_property,liq_noncarrier_property,liquids_xbrl,implemented,implemented_retrieved_validated,23 validated + 0 flagged values across 28 entities,,role=profile; regimes=Form 6,55,23,23,28
liquids,liq_oil_price_index,liq_oil_price_index,elibrary_docs,not_implemented,not_implemented_unfinished_work,"28 observations, none in a recognised terminal state",,role=detail; regimes=eLibrary document,28,0,0,28
liquids,liq_operating_expenses,liq_operating_expenses,liquids_xbrl,implemented,implemented_retrieved_validated,483 validated + 0 flagged values across 28 entities,,role=headline; regimes=Form 6;Form 6Q;Form 6Q,483,483,483,28
liquids,liq_operating_margin_pct,liq_operating_margin_pct,liquids_xbrl,implemented,implemented_retrieved_validated,483 validated + 0 flagged values across 28 entities,,role=headline; regimes=Form 6;Form 6Q,483,483,483,28
liquids,liq_operating_revenue,liq_operating_revenue,liquids_xbrl,implemented,implemented_retrieved_validated,483 validated + 0 flagged values across 28 entities,,role=headline; regimes=Form 6;Form 6Q;Form 6Q,483,483,483,28
liquids,liq_opex_per_barrel,liq_opex_per_barrel,liquids_xbrl,implemented,implemented_source_blank_or_not_required,"471 observations across 28 entities, all recording an evidenced source condition (blank, nil, not required, not applicable or not yet due)",,role=conditional; regimes=Form 6,471,0,0,28
liquids,liq_revenue_per_barrel,liq_revenue_per_barrel,liquids_xbrl,implemented,implemented_retrieved_validated,55 validated + 0 flagged values across 28 entities,,role=conditional; regimes=Form 6;Form 6 Page 700,110,55,55,28
liquids,liq_trunk_revenue,liq_trunk_revenue,liquids_xbrl,implemented,implemented_retrieved_validated,49 validated + 0 flagged values across 28 entities,,role=detail; regimes=Form 6,55,49,49,28
liquids,p700_barrel_miles,p700_barrel_miles,liquids_xbrl,implemented,implemented_retrieved_validated,55 validated + 0 flagged values across 28 entities,,role=detail; regimes=Form 6 Page 700,55,55,55,28
liquids,p700_capital_structure_debt,p700_capital_structure_debt,liquids_xbrl,implemented,implemented_retrieved_validated,55 validated + 0 flagged values across 28 entities,,role=detail; regimes=Form 6 Page 700,55,55,55,28
liquids,p700_capital_structure_equity,p700_capital_structure_equity,liquids_xbrl,implemented,implemented_retrieved_validated,55 validated + 0 flagged values across 28 entities,,role=detail; regimes=Form 6 Page 700,55,55,55,28
liquids,p700_depreciation_regulatory,p700_depreciation_regulatory,liquids_xbrl,implemented,implemented_retrieved_validated,55 validated + 0 flagged values across 28 entities,,role=detail; regimes=Form 6 Page 700,55,55,55,28
liquids,p700_income_tax_allowance,p700_income_tax_allowance,liquids_xbrl,implemented,implemented_retrieved_validated,53 validated + 0 flagged values across 28 entities,,role=detail; regimes=Form 6 Page 700,55,53,53,28
liquids,p700_interstate_operating_revenue,p700_interstate_operating_revenue,liquids_xbrl,implemented,implemented_retrieved_validated,55 validated + 0 flagged values across 28 entities,,role=detail; regimes=Form 6 Page 700,55,55,55,28
liquids,p700_original_cost_rate_base,p700_original_cost_rate_base,liquids_xbrl,implemented,implemented_retrieved_validated,55 validated + 0 flagged values across 28 entities,,role=detail; regimes=Form 6 Page 700,55,55,55,28
liquids,p700_return_component,p700_return_component,liquids_xbrl,implemented,implemented_retrieved_validated,55 validated + 0 flagged values across 28 entities,,role=detail; regimes=Form 6 Page 700,55,55,55,28
liquids,p700_revenue_less_cost_of_service,p700_revenue_less_cost_of_service,liquids_xbrl,implemented,implemented_retrieved_validated,55 validated + 0 flagged values across 28 entities,,role=headline; regimes=Form 6 Page 700,55,55,55,28
liquids,p700_revenue_to_cost_ratio,p700_revenue_to_cost_ratio,liquids_xbrl,implemented,implemented_retrieved_validated,55 validated + 0 flagged values across 28 entities,,role=headline; regimes=Form 6 Page 700,55,55,55,28
liquids,p700_throughput_barrels,p700_throughput_barrels,liquids_xbrl,implemented,implemented_retrieved_validated,55 validated + 0 flagged values across 28 entities,,role=detail; regimes=Form 6 Page 700,55,55,55,28
liquids,p700_total_cost_of_service,p700_total_cost_of_service,liquids_xbrl,implemented,implemented_retrieved_validated,55 validated + 0 flagged values across 28 entities,,role=detail; regimes=Form 6 Page 700,55,55,55,28
liquids,p700_trended_original_cost_rate_base,p700_trended_original_cost_rate_base,liquids_xbrl,implemented,implemented_retrieved_validated,55 validated + 0 flagged values across 28 entities,,role=detail; regimes=Form 6 Page 700,55,55,55,28
liquids,p700_wacc,p700_wacc,liquids_xbrl,implemented,implemented_retrieved_validated,55 validated + 0 flagged values across 28 entities,,role=detail; regimes=Form 6 Page 700,55,55,55,28
liquids,rate_case_status,rate_case_status,elibrary_docs,implemented,implemented_retrieved_validated,18 validated + 0 flagged values across 97 entities,,role=headline; regimes=eLibrary document,57,2,52,28
liquids,rate_effective_date,rate_effective_date,elibrary_docs,implemented,implemented_retrieved_validated,16 validated + 0 flagged values across 97 entities,,role=detail; regimes=eLibrary document,54,1,1,28
liquids,refund_exposure_window,refund_exposure_window,elibrary_docs,implemented,implemented_retrieved_validated,3 validated + 0 flagged values across 69 entities,,role=conditional; regimes=eLibrary document,28,1,1,28
liquids,tariff_operative_rate,tariff_operative_rate,elibrary_docs,implemented,source_exists_interpretation_blocked,27 observations retained with the comparison gated,ungates per filer when a tariff record's effective status and the governing order are both retrieved and reconciled,role=gated; regimes=eLibrary document,28,0,0,28
lng,lng_inspection,lng_inspection,lng,not_implemented,not_implemented_unfinished_work,"60 observations, none in a recognised terminal state",,role=detail; regimes=eLibrary document,60,0,59,7
lng,lng_liquefaction_capacity,lng_liquefaction_capacity,lng,implemented,implemented_retrieved_validated,6 validated + 0 flagged values across 7 entities,,role=headline; regimes=eLibrary document,10,6,6,7
lng,lng_material_order,lng_material_order,lng,implemented,implemented_retrieved_validated,22 validated + 0 flagged values across 7 entities,,role=headline; regimes=eLibrary document,22,22,22,7
lng,lng_operational_report,lng_operational_report,lng,implemented,implemented_retrieved_validated,40 validated + 1 flagged values across 7 entities,,role=detail; regimes=eLibrary document,76,40,41,7
lng,lng_regas_sendout_capacity,lng_regas_sendout_capacity,lng,implemented,implemented_retrieved_validated,3 validated + 0 flagged values across 7 entities,,role=headline; regimes=eLibrary document,11,3,3,7
lng,lng_status_authorised,lng_status_authorised,lng,implemented,implemented_retrieved_validated,29 validated + 0 flagged values across 7 entities,,role=headline; regimes=eLibrary document,31,29,29,7
lng,lng_status_operating,lng_status_operating,lng,implemented,implemented_retrieved_validated,35 validated + 0 flagged values across 7 entities,,role=headline; regimes=eLibrary document,36,35,35,7
lng,lng_status_requested,lng_status_requested,lng,implemented,implemented_retrieved_validated,8 validated + 0 flagged values across 7 entities,,role=headline; regimes=eLibrary document,10,8,8,7
lng,lng_storage_capacity,lng_storage_capacity,lng,implemented,implemented_retrieved_validated,3 validated + 0 flagged values across 7 entities,,role=profile; regimes=eLibrary document,10,3,3,7
